"COUNTRY","Country","SEX","Sex","SERIES","Series","TIME","Time","Unit Code","Unit","PowerCode Code","PowerCode","Reference Period Code","Reference Period","Value","Flag Codes","Flags"
"AUS","Australia","MW","All persons","LPI","Low Pay Incidence","2018","2018","IDX","Index","0","Units",,,15.4324258284697,,
"AUS","Australia","MW","All persons","P5010","Decile 5/Decile 1","2018","2018","P50P10","Interdecile ratio P50/P10","0","Units",,,1.6675,,
"AUS","Australia","MW","All persons","P9010","Decile 9/Decile 1","2018","2018","P90P10","Interdecile ratio P90/P10","0","Units",,,3.125,,
"AUS","Australia","MW","All persons","P9050","Decile 9/Decile 5","2018","2018","P90P50","Interdecile ratio P90/P50","0","Units",,,1.87406296851574,,
"AUT","Austria","MW","All persons","LPI","Low Pay Incidence","2018","2018","IDX","Index","0","Units",,,14.9266828183379,,
"AUT","Austria","MW","All persons","P5010","Decile 5/Decile 1","2018","2018","P50P10","Interdecile ratio P50/P10","0","Units",,,1.65497264723312,,
"AUT","Austria","MW","All persons","P9010","Decile 9/Decile 1","2018","2018","P90P10","Interdecile ratio P90/P10","0","Units",,,3.19695290727919,,
"AUT","Austria","MW","All persons","P9050","Decile 9/Decile 5","2018","2018","P90P50","Interdecile ratio P90/P50","0","Units",,,1.9317255258714,,
"BEL","Belgium","MW","All persons","LPI","Low Pay Incidence","2018","2018","IDX","Index","0","Units",,,9.2,,
"BEL","Belgium","MW","All persons","P5010","Decile 5/Decile 1","2018","2018","P50P10","Interdecile ratio P50/P10","0","Units",,,1.47089715536105,,
"BEL","Belgium","MW","All persons","P9010","Decile 9/Decile 1","2018","2018","P90P10","Interdecile ratio P90/P10","0","Units",,,2.43938730853391,,
"BEL","Belgium","MW","All persons","P9050","Decile 9/Decile 5","2018","2018","P90P50","Interdecile ratio P90/P50","0","Units",,,1.65843498958643,,
"CAN","Canada","MW","All persons","LPI","Low Pay Incidence","2018","2018","IDX","Index","0","Units",,,20.6792952745909,,
"CAN","Canada","MW","All persons","P5010","Decile 5/Decile 1","2018","2018","P50P10","Interdecile ratio P50/P10","0","Units",,,1.80897435897435,,
"CAN","Canada","MW","All persons","P9010","Decile 9/Decile 1","2018","2018","P90P10","Interdecile ratio P90/P10","0","Units",,,3.41611721611721,,
"CAN","Canada","MW","All persons","P9050","Decile 9/Decile 5","2018","2018","P90P50","Interdecile ratio P90/P50","0","Units",,,1.88842766022071,,
"CZE","Czech Republic","MW","All persons","LPI","Low Pay Incidence","2018","2018","IDX","Index","0","Units",,,19.6800025584003,,
"CZE","Czech Republic","MW","All persons","P5010","Decile 5/Decile 1","2018","2018","P50P10","Interdecile ratio P50/P10","0","Units",,,1.85672477414429,,
"CZE","Czech Republic","MW","All persons","P9010","Decile 9/Decile 1","2018","2018","P90P10","Interdecile ratio P90/P10","0","Units",,,3.34081944267718,,
"CZE","Czech Republic","MW","All persons","P9050","Decile 9/Decile 5","2018","2018","P90P50","Interdecile ratio P90/P50","0","Units",,,1.79930783991228,,
"DNK","Denmark","MW","All persons","LPI","Low Pay Incidence","2018","2018","IDX","Index","0","Units",,,8.72529216888955,,
"DNK","Denmark","MW","All persons","P5010","Decile 5/Decile 1","2018","2018","P50P10","Interdecile ratio P50/P10","0","Units",,,1.47347513934712,,
"DNK","Denmark","MW","All persons","P9010","Decile 9/Decile 1","2018","2018","P90P10","Interdecile ratio P90/P10","0","Units",,,2.58809814164151,,
"DNK","Denmark","MW","All persons","P9050","Decile 9/Decile 5","2018","2018","P90P50","Interdecile ratio P90/P50","0","Units",,,1.75645864156775,,
"FIN","Finland","MW","All persons","LPI","Low Pay Incidence","2018","2018","IDX","Index","0","Units",,,7.31696261103491,,
"FIN","Finland","MW","All persons","P5010","Decile 5/Decile 1","2018","2018","P50P10","Interdecile ratio P50/P10","0","Units",,,1.46062244301578,,
"FIN","Finland","MW","All persons","P9010","Decile 9/Decile 1","2018","2018","P90P10","Interdecile ratio P90/P10","0","Units",,,2.57627118644067,,
"FIN","Finland","MW","All persons","P9050","Decile 9/Decile 5","2018","2018","P90P50","Interdecile ratio P90/P50","0","Units",,,1.76381733606762,,
"FRA","France","MW","All persons","P5010","Decile 5/Decile 1","2018","2018","P50P10","Interdecile ratio P50/P10","0","Units",,,1.48578342407743,,
"FRA","France","MW","All persons","P9010","Decile 9/Decile 1","2018","2018","P90P10","Interdecile ratio P90/P10","0","Units",,,2.85541439806412,,
"FRA","France","MW","All persons","P9050","Decile 9/Decile 5","2018","2018","P90P50","Interdecile ratio P90/P50","0","Units",,,1.92182410423452,,
"DEU","Germany","MW","All persons","LPI","Low Pay Incidence","2018","2018","IDX","Index","0","Units",,,17.8014954038626,,
"DEU","Germany","MW","All persons","P5010","Decile 5/Decile 1","2018","2018","P50P10","Interdecile ratio P50/P10","0","Units",,,1.78703703703703,,
"DEU","Germany","MW","All persons","P9010","Decile 9/Decile 1","2018","2018","P90P10","Interdecile ratio P90/P10","0","Units",,,3.33101851851851,,
"DEU","Germany","MW","All persons","P9050","Decile 9/Decile 5","2018","2018","P90P50","Interdecile ratio P90/P50","0","Units",,,1.8639896373057,,
"GRC","Greece","MW","All persons","LPI","Low Pay Incidence","2018","2018","IDX","Index","0","Units",,,16.4285714285714,,
"GRC","Greece","MW","All persons","P5010","Decile 5/Decile 1","2018","2018","P50P10","Interdecile ratio P50/P10","0","Units",,,1.83072546230441,,
"GRC","Greece","MW","All persons","P9010","Decile 9/Decile 1","2018","2018","P90P10","Interdecile ratio P90/P10","0","Units",,,3.45803698435277,,
"GRC","Greece","MW","All persons","P9050","Decile 9/Decile 5","2018","2018","P90P50","Interdecile ratio P90/P50","0","Units",,,1.88888888888888,,
"HUN","Hungary","MW","All persons","LPI","Low Pay Incidence","2018","2018","IDX","Index","0","Units",,,15.97,,
"HUN","Hungary","MW","All persons","P5010","Decile 5/Decile 1","2018","2018","P50P10","Interdecile ratio P50/P10","0","Units",,,1.52035117056856,,
"HUN","Hungary","MW","All persons","P9010","Decile 9/Decile 1","2018","2018","P90P10","Interdecile ratio P90/P10","0","Units",,,3.22266443701226,,
"HUN","Hungary","MW","All persons","P9050","Decile 9/Decile 5","2018","2018","P90P50","Interdecile ratio P90/P50","0","Units",,,2.11968425413655,,
"ISL","Iceland","MW","All persons","LPI","Low Pay Incidence","2018","2018","IDX","Index","0","Units",,,7.5986394557823,,
"ISL","Iceland","MW","All persons","P5010","Decile 5/Decile 1","2018","2018","P50P10","Interdecile ratio P50/P10","0","Units",,,1.57137989778534,,
"ISL","Iceland","MW","All persons","P9010","Decile 9/Decile 1","2018","2018","P90P10","Interdecile ratio P90/P10","0","Units",,,2.66473594548551,,
"ISL","Iceland","MW","All persons","P9050","Decile 9/Decile 5","2018","2018","P90P50","Interdecile ratio P90/P50","0","Units",,,1.6957935819601,,
"IRL","Ireland","MW","All persons","LPI","Low Pay Incidence","2018","2018","IDX","Index","0","Units",,,14.9027777777777,,
"IRL","Ireland","MW","All persons","P5010","Decile 5/Decile 1","2018","2018","P50P10","Interdecile ratio P50/P10","0","Units",,,1.78544269418794,,
"IRL","Ireland","MW","All persons","P9010","Decile 9/Decile 1","2018","2018","P90P10","Interdecile ratio P90/P10","0","Units",,,3.72732210755024,,
"IRL","Ireland","MW","All persons","P9050","Decile 9/Decile 5","2018","2018","P90P50","Interdecile ratio P90/P50","0","Units",,,2.08761788865226,,
"ITA","Italy","MW","All persons","LPI","Low Pay Incidence","2018","2018","IDX","Index","0","Units",,,3.71171171171171,,
"ITA","Italy","MW","All persons","P5010","Decile 5/Decile 1","2018","2018","P50P10","Interdecile ratio P50/P10","0","Units",,,1.40375,,
"ITA","Italy","MW","All persons","P9010","Decile 9/Decile 1","2018","2018","P90P10","Interdecile ratio P90/P10","0","Units",,,2.573125,,
"ITA","Italy","MW","All persons","P9050","Decile 9/Decile 5","2018","2018","P90P50","Interdecile ratio P90/P50","0","Units",,,1.83303650934995,,
"JPN","Japan","MW","All persons","LPI","Low Pay Incidence","2018","2018","IDX","Index","0","Units",,,12.1153969378755,,
"JPN","Japan","MW","All persons","P5010","Decile 5/Decile 1","2018","2018","P50P10","Interdecile ratio P50/P10","0","Units",,,1.55005820721769,,
"JPN","Japan","MW","All persons","P9010","Decile 9/Decile 1","2018","2018","P90P10","Interdecile ratio P90/P10","0","Units",,,2.81781140861466,,
"JPN","Japan","MW","All persons","P9050","Decile 9/Decile 5","2018","2018","P90P50","Interdecile ratio P90/P50","0","Units",,,1.81787457754412,,
"KOR","Korea","MW","All persons","LPI","Low Pay Incidence","2018","2018","IDX","Index","0","Units",,,19.0435686183441,,
"KOR","Korea","MW","All persons","P5010","Decile 5/Decile 1","2018","2018","P50P10","Interdecile ratio P50/P10","0","Units",,,1.69464480888102,,
"KOR","Korea","MW","All persons","P9010","Decile 9/Decile 1","2018","2018","P90P10","Interdecile ratio P90/P10","0","Units",,,3.92552770810484,,
"KOR","Korea","MW","All persons","P9050","Decile 9/Decile 5","2018","2018","P90P50","Interdecile ratio P90/P50","0","Units",,,2.31643096390026,,
"NLD","Netherlands","MW","All persons","LPI","Low Pay Incidence","2018","2018","IDX","Index","0","Units",,,6.36781609195402,,
"NLD","Netherlands","MW","All persons","P5010","Decile 5/Decile 1","2018","2018","P50P10","Interdecile ratio P50/P10","0","Units",,,1.61576846307385,,
"NLD","Netherlands","MW","All persons","P9010","Decile 9/Decile 1","2018","2018","P90P10","Interdecile ratio P90/P10","0","Units",,,2.91966067864271,,
"NLD","Netherlands","MW","All persons","P9050","Decile 9/Decile 5","2018","2018","P90P50","Interdecile ratio P90/P50","0","Units",,,1.80697961704756,,
"NZL","New Zealand","MW","All persons","LPI","Low Pay Incidence","2018","2018","IDX","Index","0","Units",,,8.50455856757083,,
"NZL","New Zealand","MW","All persons","P5010","Decile 5/Decile 1","2018","2018","P50P10","Interdecile ratio P50/P10","0","Units",,,1.46989966555183,,
"NZL","New Zealand","MW","All persons","P9010","Decile 9/Decile 1","2018","2018","P90P10","Interdecile ratio P90/P10","0","Units",,,2.70847268673355,,
"NZL","New Zealand","MW","All persons","P9050","Decile 9/Decile 5","2018","2018","P90P50","Interdecile ratio P90/P50","0","Units",,,1.84262419416003,,
"NOR","Norway","MW","All persons","P5010","Decile 5/Decile 1","2018","2018","P50P10","Interdecile ratio P50/P10","0","Units",,,1.434,,
"NOR","Norway","MW","All persons","P9010","Decile 9/Decile 1","2018","2018","P90P10","Interdecile ratio P90/P10","0","Units",,,2.35133333333333,,
"NOR","Norway","MW","All persons","P9050","Decile 9/Decile 5","2018","2018","P90P50","Interdecile ratio P90/P50","0","Units",,,1.63970246397024,,
"POL","Poland","MW","All persons","LPI","Low Pay Incidence","2018","2018","IDX","Index","0","Units",,,21.1092911740968,,
"POL","Poland","MW","All persons","P5010","Decile 5/Decile 1","2018","2018","P50P10","Interdecile ratio P50/P10","0","Units",,,1.84112725196365,,
"POL","Poland","MW","All persons","P9010","Decile 9/Decile 1","2018","2018","P90P10","Interdecile ratio P90/P10","0","Units",,,3.70468084723739,,
"POL","Poland","MW","All persons","P9050","Decile 9/Decile 5","2018","2018","P90P50","Interdecile ratio P90/P50","0","Units",,,2.01218076767163,,
"PRT","Portugal","MW","All persons","LPI","Low Pay Incidence","2018","2018","IDX","Index","0","Units",,,4.16,,
"PRT","Portugal","MW","All persons","P5010","Decile 5/Decile 1","2018","2018","P50P10","Interdecile ratio P50/P10","0","Units",,,1.38823529411764,,
"PRT","Portugal","MW","All persons","P9010","Decile 9/Decile 1","2018","2018","P90P10","Interdecile ratio P90/P10","0","Units",,,3.43088235294117,,
"PRT","Portugal","MW","All persons","P9050","Decile 9/Decile 5","2018","2018","P90P50","Interdecile ratio P90/P50","0","Units",,,2.47139830508474,,
"ESP","Spain","MW","All persons","LPI","Low Pay Incidence","2018","2018","IDX","Index","0","Units",,,10.8253968253968,,
"ESP","Spain","MW","All persons","P5010","Decile 5/Decile 1","2018","2018","P50P10","Interdecile ratio P50/P10","0","Units",,,1.61229946524064,,
"ESP","Spain","MW","All persons","P9010","Decile 9/Decile 1","2018","2018","P90P10","Interdecile ratio P90/P10","0","Units",,,3.16934046345811,,
"ESP","Spain","MW","All persons","P9050","Decile 9/Decile 5","2018","2018","P90P50","Interdecile ratio P90/P50","0","Units",,,1.9657269209508,,
"SWE","Sweden","MW","All persons","P5010","Decile 5/Decile 1","2018","2018","P50P10","Interdecile ratio P50/P10","0","Units",,,1.34347826086956,,
"SWE","Sweden","MW","All persons","P9010","Decile 9/Decile 1","2018","2018","P90P10","Interdecile ratio P90/P10","0","Units",,,2.1391304347826,,
"SWE","Sweden","MW","All persons","P9050","Decile 9/Decile 5","2018","2018","P90P50","Interdecile ratio P90/P50","0","Units",,,1.59223300970873,,
"CHE","Switzerland","MW","All persons","P5010","Decile 5/Decile 1","2018","2018","P50P10","Interdecile ratio P50/P10","0","Units",,,1.49923896499238,,
"CHE","Switzerland","MW","All persons","P9010","Decile 9/Decile 1","2018","2018","P90P10","Interdecile ratio P90/P10","0","Units",,,2.73602957164601,,
"CHE","Switzerland","MW","All persons","P9050","Decile 9/Decile 5","2018","2018","P90P50","Interdecile ratio P90/P50","0","Units",,,1.82494561276287,,
"GBR","United Kingdom","MW","All persons","LPI","Low Pay Incidence","2018","2018","IDX","Index","0","Units",,,18.961052687206,,
"GBR","United Kingdom","MW","All persons","P5010","Decile 5/Decile 1","2018","2018","P50P10","Interdecile ratio P50/P10","0","Units",,,1.72316555488174,,
"GBR","United Kingdom","MW","All persons","P9010","Decile 9/Decile 1","2018","2018","P90P10","Interdecile ratio P90/P10","0","Units",,,3.41510006064281,,
"GBR","United Kingdom","MW","All persons","P9050","Decile 9/Decile 5","2018","2018","P90P50","Interdecile ratio P90/P50","0","Units",,,1.98187576983987,,
"USA","United States","MW","All persons","LPI","Low Pay Incidence","2018","2018","IDX","Index","0","Units",,,24.065,,
"USA","United States","MW","All persons","P5010","Decile 5/Decile 1","2018","2018","P50P10","Interdecile ratio P50/P10","0","Units",,,2.06046511627907,,
"USA","United States","MW","All persons","P9010","Decile 9/Decile 1","2018","2018","P90P10","Interdecile ratio P90/P10","0","Units",,,4.95116279069767,,
"USA","United States","MW","All persons","P9050","Decile 9/Decile 5","2018","2018","P90P50","Interdecile ratio P90/P50","0","Units",,,2.40293453724604,,
"ISR","Israel","MW","All persons","LPI","Low Pay Incidence","2018","2018","IDX","Index","0","Units",,,22.4082574248894,,
"ISR","Israel","MW","All persons","P5010","Decile 5/Decile 1","2018","2018","P50P10","Interdecile ratio P50/P10","0","Units",,,1.88699202078307,,
"ISR","Israel","MW","All persons","P9010","Decile 9/Decile 1","2018","2018","P90P10","Interdecile ratio P90/P10","0","Units",,,4.71590276489144,,
"ISR","Israel","MW","All persons","P9050","Decile 9/Decile 5","2018","2018","P90P50","Interdecile ratio P90/P50","0","Units",,,2.4991641262661,,
"AUS","Australia","MEN","Men","LPI","Low Pay Incidence","2018","2018","IDX","Index","0","Units",,,13.2899431970347,,
"AUS","Australia","MEN","Men","P5010","Decile 5/Decile 1","2018","2018","P50P10","Interdecile ratio P50/P10","0","Units",,,1.78875,,
"AUS","Australia","MEN","Men","P9010","Decile 9/Decile 1","2018","2018","P90P10","Interdecile ratio P90/P10","0","Units",,,3.32,,
"AUS","Australia","MEN","Men","P9050","Decile 9/Decile 5","2018","2018","P90P50","Interdecile ratio P90/P50","0","Units",,,1.85604472396925,,
"AUT","Austria","MEN","Men","LPI","Low Pay Incidence","2018","2018","IDX","Index","0","Units",,,10.6860358152063,,
"AUT","Austria","MEN","Men","P5010","Decile 5/Decile 1","2018","2018","P50P10","Interdecile ratio P50/P10","0","Units",,,1.60225661187931,,
"AUT","Austria","MEN","Men","P9010","Decile 9/Decile 1","2018","2018","P90P10","Interdecile ratio P90/P10","0","Units",,,3.14317722305587,,
"AUT","Austria","MEN","Men","P9050","Decile 9/Decile 5","2018","2018","P90P50","Interdecile ratio P90/P50","0","Units",,,1.96171899042388,,
"BEL","Belgium","MEN","Men","LPI","Low Pay Incidence","2018","2018","IDX","Index","0","Units",,,7.8,,
"BEL","Belgium","MEN","Men","P5010","Decile 5/Decile 1","2018","2018","P50P10","Interdecile ratio P50/P10","0","Units",,,1.46239793725827,,
"BEL","Belgium","MEN","Men","P9010","Decile 9/Decile 1","2018","2018","P90P10","Interdecile ratio P90/P10","0","Units",,,2.43833261710356,,
"BEL","Belgium","MEN","Men","P9050","Decile 9/Decile 5","2018","2018","P90P50","Interdecile ratio P90/P50","0","Units",,,1.66735233617396,,
"CAN","Canada","MEN","Men","LPI","Low Pay Incidence","2018","2018","IDX","Index","0","Units",,,15.9988246718952,,
"CAN","Canada","MEN","Men","P5010","Decile 5/Decile 1","2018","2018","P50P10","Interdecile ratio P50/P10","0","Units",,,1.86206896551724,,
"CAN","Canada","MEN","Men","P9010","Decile 9/Decile 1","2018","2018","P90P10","Interdecile ratio P90/P10","0","Units",,,3.41896551724137,,
"CAN","Canada","MEN","Men","P9050","Decile 9/Decile 5","2018","2018","P90P50","Interdecile ratio P90/P50","0","Units",,,1.83611111111111,,
"CZE","Czech Republic","MEN","Men","LPI","Low Pay Incidence","2018","2018","IDX","Index","0","Units",,,16.4200018062002,,
"CZE","Czech Republic","MEN","Men","P5010","Decile 5/Decile 1","2018","2018","P50P10","Interdecile ratio P50/P10","0","Units",,,1.93839417858904,,
"CZE","Czech Republic","MEN","Men","P9010","Decile 9/Decile 1","2018","2018","P90P10","Interdecile ratio P90/P10","0","Units",,,3.60908978786383,,
"CZE","Czech Republic","MEN","Men","P9050","Decile 9/Decile 5","2018","2018","P90P50","Interdecile ratio P90/P50","0","Units",,,1.86189673273311,,
"DNK","Denmark","MEN","Men","LPI","Low Pay Incidence","2018","2018","IDX","Index","0","Units",,,7.12381067398229,,
"DNK","Denmark","MEN","Men","P5010","Decile 5/Decile 1","2018","2018","P50P10","Interdecile ratio P50/P10","0","Units",,,1.45137058715142,,
"DNK","Denmark","MEN","Men","P9010","Decile 9/Decile 1","2018","2018","P90P10","Interdecile ratio P90/P10","0","Units",,,2.60667419996948,,
"DNK","Denmark","MEN","Men","P9050","Decile 9/Decile 5","2018","2018","P90P50","Interdecile ratio P90/P50","0","Units",,,1.79600869898125,,
"FIN","Finland","MEN","Men","LPI","Low Pay Incidence","2018","2018","IDX","Index","0","Units",,,5.42296374053317,,
"FIN","Finland","MEN","Men","P5010","Decile 5/Decile 1","2018","2018","P50P10","Interdecile ratio P50/P10","0","Units",,,1.50908905921454,,
"FIN","Finland","MEN","Men","P9010","Decile 9/Decile 1","2018","2018","P90P10","Interdecile ratio P90/P10","0","Units",,,2.66177168825883,,
"FIN","Finland","MEN","Men","P9050","Decile 9/Decile 5","2018","2018","P90P50","Interdecile ratio P90/P50","0","Units",,,1.76382677483875,,
"FRA","France","MEN","Men","P5010","Decile 5/Decile 1","2018","2018","P50P10","Interdecile ratio P50/P10","0","Units",,,1.49681897050318,,
"FRA","France","MEN","Men","P9010","Decile 9/Decile 1","2018","2018","P90P10","Interdecile ratio P90/P10","0","Units",,,3.00404858299595,,
"FRA","France","MEN","Men","P9050","Decile 9/Decile 5","2018","2018","P90P50","Interdecile ratio P90/P50","0","Units",,,2.00695517774343,,
"DEU","Germany","MEN","Men","LPI","Low Pay Incidence","2018","2018","IDX","Index","0","Units",,,14.7824286342325,,
"DEU","Germany","MEN","Men","P5010","Decile 5/Decile 1","2018","2018","P50P10","Interdecile ratio P50/P10","0","Units",,,1.80614035087719,,
"DEU","Germany","MEN","Men","P9010","Decile 9/Decile 1","2018","2018","P90P10","Interdecile ratio P90/P10","0","Units",,,3.3859649122807,,
"DEU","Germany","MEN","Men","P9050","Decile 9/Decile 5","2018","2018","P90P50","Interdecile ratio P90/P50","0","Units",,,1.8746964545896,,
"GRC","Greece","MEN","Men","LPI","Low Pay Incidence","2018","2018","IDX","Index","0","Units",,,15.2,,
"GRC","Greece","MEN","Men","P5010","Decile 5/Decile 1","2018","2018","P50P10","Interdecile ratio P50/P10","0","Units",,,1.84615384615384,,
"GRC","Greece","MEN","Men","P9010","Decile 9/Decile 1","2018","2018","P90P10","Interdecile ratio P90/P10","0","Units",,,3.84335664335664,,
"GRC","Greece","MEN","Men","P9050","Decile 9/Decile 5","2018","2018","P90P50","Interdecile ratio P90/P50","0","Units",,,2.08181818181818,,
"HUN","Hungary","MEN","Men","LPI","Low Pay Incidence","2018","2018","IDX","Index","0","Units",,,17.06,,
"HUN","Hungary","MEN","Men","P5010","Decile 5/Decile 1","2018","2018","P50P10","Interdecile ratio P50/P10","0","Units",,,1.57379408028598,,
"HUN","Hungary","MEN","Men","P9010","Decile 9/Decile 1","2018","2018","P90P10","Interdecile ratio P90/P10","0","Units",,,3.65345054352102,,
"HUN","Hungary","MEN","Men","P9050","Decile 9/Decile 5","2018","2018","P90P50","Interdecile ratio P90/P50","0","Units",,,2.32142857142857,,
"ISL","Iceland","MEN","Men","LPI","Low Pay Incidence","2018","2018","IDX","Index","0","Units",,,4.6126126126126,,
"ISL","Iceland","MEN","Men","P5010","Decile 5/Decile 1","2018","2018","P50P10","Interdecile ratio P50/P10","0","Units",,,1.54533965244865,,
"ISL","Iceland","MEN","Men","P9010","Decile 9/Decile 1","2018","2018","P90P10","Interdecile ratio P90/P10","0","Units",,,2.67172195892575,,
"ISL","Iceland","MEN","Men","P9050","Decile 9/Decile 5","2018","2018","P90P50","Interdecile ratio P90/P50","0","Units",,,1.7288897975874,,
"IRL","Ireland","MEN","Men","LPI","Low Pay Incidence","2018","2018","IDX","Index","0","Units",,,11.9901960784313,,
"IRL","Ireland","MEN","Men","P5010","Decile 5/Decile 1","2018","2018","P50P10","Interdecile ratio P50/P10","0","Units",,,1.74948240165631,,
"IRL","Ireland","MEN","Men","P9010","Decile 9/Decile 1","2018","2018","P90P10","Interdecile ratio P90/P10","0","Units",,,3.82867494824016,,
"IRL","Ireland","MEN","Men","P9050","Decile 9/Decile 5","2018","2018","P90P50","Interdecile ratio P90/P50","0","Units",,,2.18846153846153,,
"ITA","Italy","MEN","Men","LPI","Low Pay Incidence","2018","2018","IDX","Index","0","Units",,,3.26143790849673,,
"ITA","Italy","MEN","Men","P5010","Decile 5/Decile 1","2018","2018","P50P10","Interdecile ratio P50/P10","0","Units",,,1.41404805914972,,
"ITA","Italy","MEN","Men","P9010","Decile 9/Decile 1","2018","2018","P90P10","Interdecile ratio P90/P10","0","Units",,,2.75169439309919,,
"ITA","Italy","MEN","Men","P9050","Decile 9/Decile 5","2018","2018","P90P50","Interdecile ratio P90/P50","0","Units",,,1.94596949891067,,
"JPN","Japan","MEN","Men","LPI","Low Pay Incidence","2018","2018","IDX","Index","0","Units",,,7.11598596458749,,
"JPN","Japan","MEN","Men","P5010","Decile 5/Decile 1","2018","2018","P50P10","Interdecile ratio P50/P10","0","Units",,,1.57036643653744,,
"JPN","Japan","MEN","Men","P9010","Decile 9/Decile 1","2018","2018","P90P10","Interdecile ratio P90/P10","0","Units",,,2.83058948486457,,
"JPN","Japan","MEN","Men","P9050","Decile 9/Decile 5","2018","2018","P90P50","Interdecile ratio P90/P50","0","Units",,,1.80250253635441,,
"KOR","Korea","MEN","Men","LPI","Low Pay Incidence","2018","2018","IDX","Index","0","Units",,,12.1,,
"KOR","Korea","MEN","Men","P5010","Decile 5/Decile 1","2018","2018","P50P10","Interdecile ratio P50/P10","0","Units",,,1.87470588235294,,
"KOR","Korea","MEN","Men","P9010","Decile 9/Decile 1","2018","2018","P90P10","Interdecile ratio P90/P10","0","Units",,,4.11764705882352,,
"KOR","Korea","MEN","Men","P9050","Decile 9/Decile 5","2018","2018","P90P50","Interdecile ratio P90/P50","0","Units",,,2.19642296830875,,
"NLD","Netherlands","MEN","Men","LPI","Low Pay Incidence","2018","2018","IDX","Index","0","Units",,,5.51960784313725,,
"NLD","Netherlands","MEN","Men","P5010","Decile 5/Decile 1","2018","2018","P50P10","Interdecile ratio P50/P10","0","Units",,,1.618401937046,,
"NLD","Netherlands","MEN","Men","P9010","Decile 9/Decile 1","2018","2018","P90P10","Interdecile ratio P90/P10","0","Units",,,2.91767554479418,,
"NLD","Netherlands","MEN","Men","P9050","Decile 9/Decile 5","2018","2018","P90P50","Interdecile ratio P90/P50","0","Units",,,1.80281268701376,,
"NZL","New Zealand","MEN","Men","LPI","Low Pay Incidence","2018","2018","IDX","Index","0","Units",,,8.08973234859715,,
"NZL","New Zealand","MEN","Men","P5010","Decile 5/Decile 1","2018","2018","P50P10","Interdecile ratio P50/P10","0","Units",,,1.51777777777777,,
"NZL","New Zealand","MEN","Men","P9010","Decile 9/Decile 1","2018","2018","P90P10","Interdecile ratio P90/P10","0","Units",,,2.93611111111111,,
"NZL","New Zealand","MEN","Men","P9050","Decile 9/Decile 5","2018","2018","P90P50","Interdecile ratio P90/P50","0","Units",,,1.93448023426061,,
"NOR","Norway","MEN","Men","P5010","Decile 5/Decile 1","2018","2018","P50P10","Interdecile ratio P50/P10","0","Units",,,1.44934210526315,,
"NOR","Norway","MEN","Men","P9010","Decile 9/Decile 1","2018","2018","P90P10","Interdecile ratio P90/P10","0","Units",,,2.4828947368421,,
"NOR","Norway","MEN","Men","P9050","Decile 9/Decile 5","2018","2018","P90P50","Interdecile ratio P90/P50","0","Units",,,1.71311847480708,,
"POL","Poland","MEN","Men","LPI","Low Pay Incidence","2018","2018","IDX","Index","0","Units",,,20.1505231027332,,
"POL","Poland","MEN","Men","P5010","Decile 5/Decile 1","2018","2018","P50P10","Interdecile ratio P50/P10","0","Units",,,1.97581363636363,,
"POL","Poland","MEN","Men","P9010","Decile 9/Decile 1","2018","2018","P90P10","Interdecile ratio P90/P10","0","Units",,,4.21775909090909,,
"POL","Poland","MEN","Men","P9050","Decile 9/Decile 5","2018","2018","P90P50","Interdecile ratio P90/P50","0","Units",,,2.1346947977703,,
"PRT","Portugal","MEN","Men","LPI","Low Pay Incidence","2018","2018","IDX","Index","0","Units",,,3.06666666666666,,
"PRT","Portugal","MEN","Men","P5010","Decile 5/Decile 1","2018","2018","P50P10","Interdecile ratio P50/P10","0","Units",,,1.44942196531791,,
"PRT","Portugal","MEN","Men","P9010","Decile 9/Decile 1","2018","2018","P90P10","Interdecile ratio P90/P10","0","Units",,,3.62138728323699,,
"PRT","Portugal","MEN","Men","P9050","Decile 9/Decile 5","2018","2018","P90P50","Interdecile ratio P90/P50","0","Units",,,2.49850448654037,,
"ESP","Spain","MEN","Men","LPI","Low Pay Incidence","2018","2018","IDX","Index","0","Units",,,7.82716049382716,,
"ESP","Spain","MEN","Men","P5010","Decile 5/Decile 1","2018","2018","P50P10","Interdecile ratio P50/P10","0","Units",,,1.57899159663865,,
"ESP","Spain","MEN","Men","P9010","Decile 9/Decile 1","2018","2018","P90P10","Interdecile ratio P90/P10","0","Units",,,3.10588235294117,,
"ESP","Spain","MEN","Men","P9050","Decile 9/Decile 5","2018","2018","P90P50","Interdecile ratio P90/P50","0","Units",,,1.96700372538584,,
"SWE","Sweden","MEN","Men","P5010","Decile 5/Decile 1","2018","2018","P50P10","Interdecile ratio P50/P10","0","Units",,,1.36440677966101,,
"SWE","Sweden","MEN","Men","P9010","Decile 9/Decile 1","2018","2018","P90P10","Interdecile ratio P90/P10","0","Units",,,2.25,,
"SWE","Sweden","MEN","Men","P9050","Decile 9/Decile 5","2018","2018","P90P50","Interdecile ratio P90/P50","0","Units",,,1.64906832298136,,
"CHE","Switzerland","MEN","Men","P5010","Decile 5/Decile 1","2018","2018","P50P10","Interdecile ratio P50/P10","0","Units",,,1.47646336471551,,
"CHE","Switzerland","MEN","Men","P9010","Decile 9/Decile 1","2018","2018","P90P10","Interdecile ratio P90/P10","0","Units",,,2.72615636512484,,
"CHE","Switzerland","MEN","Men","P9050","Decile 9/Decile 5","2018","2018","P90P50","Interdecile ratio P90/P50","0","Units",,,1.84640975880232,,
"GBR","United Kingdom","MEN","Men","LPI","Low Pay Incidence","2018","2018","IDX","Index","0","Units",,,14.6947738252086,,
"GBR","United Kingdom","MEN","Men","P5010","Decile 5/Decile 1","2018","2018","P50P10","Interdecile ratio P50/P10","0","Units",,,1.74169530355097,,
"GBR","United Kingdom","MEN","Men","P9010","Decile 9/Decile 1","2018","2018","P90P10","Interdecile ratio P90/P10","0","Units",,,3.53980526918671,,
"GBR","United Kingdom","MEN","Men","P9050","Decile 9/Decile 5","2018","2018","P90P50","Interdecile ratio P90/P50","0","Units",,,2.03239066096678,,
"USA","United States","MEN","Men","LPI","Low Pay Incidence","2018","2018","IDX","Index","0","Units",,,19.995,,
"USA","United States","MEN","Men","P5010","Decile 5/Decile 1","2018","2018","P50P10","Interdecile ratio P50/P10","0","Units",,,2.08351177730192,,
"USA","United States","MEN","Men","P9010","Decile 9/Decile 1","2018","2018","P90P10","Interdecile ratio P90/P10","0","Units",,,5.11349036402569,,
"USA","United States","MEN","Men","P9050","Decile 9/Decile 5","2018","2018","P90P50","Interdecile ratio P90/P50","0","Units",,,2.45426515930113,,
"ISR","Israel","MEN","Men","LPI","Low Pay Incidence","2018","2018","IDX","Index","0","Units",,,15.5707617274504,,
"ISR","Israel","MEN","Men","P5010","Decile 5/Decile 1","2018","2018","P50P10","Interdecile ratio P50/P10","0","Units",,,1.90283333333333,,
"ISR","Israel","MEN","Men","P9010","Decile 9/Decile 1","2018","2018","P90P10","Interdecile ratio P90/P10","0","Units",,,4.7585,,
"ISR","Israel","MEN","Men","P9050","Decile 9/Decile 5","2018","2018","P90P50","Interdecile ratio P90/P50","0","Units",,,2.5007445038101,,
"AUS","Australia","WOMEN","Women","LPI","Low Pay Incidence","2018","2018","IDX","Index","0","Units",,,18.9287627009771,,
"AUS","Australia","WOMEN","Women","P5010","Decile 5/Decile 1","2018","2018","P50P10","Interdecile ratio P50/P10","0","Units",,,1.57894736842105,,
"AUS","Australia","WOMEN","Women","P9010","Decile 9/Decile 1","2018","2018","P90P10","Interdecile ratio P90/P10","0","Units",,,2.91710526315789,,
"AUS","Australia","WOMEN","Women","P9050","Decile 9/Decile 5","2018","2018","P90P50","Interdecile ratio P90/P50","0","Units",,,1.8475,,
"AUT","Austria","WOMEN","Women","LPI","Low Pay Incidence","2018","2018","IDX","Index","0","Units",,,23.456465256965,,
"AUT","Austria","WOMEN","Women","P5010","Decile 5/Decile 1","2018","2018","P50P10","Interdecile ratio P50/P10","0","Units",,,1.66559244216846,,
"AUT","Austria","WOMEN","Women","P9010","Decile 9/Decile 1","2018","2018","P90P10","Interdecile ratio P90/P10","0","Units",,,3.06775560656895,,
"AUT","Austria","WOMEN","Women","P9050","Decile 9/Decile 5","2018","2018","P90P50","Interdecile ratio P90/P50","0","Units",,,1.84184049404967,,
"BEL","Belgium","WOMEN","Women","LPI","Low Pay Incidence","2018","2018","IDX","Index","0","Units",,,11.4,,
"BEL","Belgium","WOMEN","Women","P5010","Decile 5/Decile 1","2018","2018","P50P10","Interdecile ratio P50/P10","0","Units",,,1.49545040946314,,
"BEL","Belgium","WOMEN","Women","P9010","Decile 9/Decile 1","2018","2018","P90P10","Interdecile ratio P90/P10","0","Units",,,2.41446769790718,,
"BEL","Belgium","WOMEN","Women","P9050","Decile 9/Decile 5","2018","2018","P90P50","Interdecile ratio P90/P50","0","Units",,,1.61454213568603,,
"CAN","Canada","WOMEN","Women","LPI","Low Pay Incidence","2018","2018","IDX","Index","0","Units",,,26.2324838190856,,
"CAN","Canada","WOMEN","Women","P5010","Decile 5/Decile 1","2018","2018","P50P10","Interdecile ratio P50/P10","0","Units",,,1.72549019607843,,
"CAN","Canada","WOMEN","Women","P9010","Decile 9/Decile 1","2018","2018","P90P10","Interdecile ratio P90/P10","0","Units",,,3.33088235294117,,
"CAN","Canada","WOMEN","Women","P9050","Decile 9/Decile 5","2018","2018","P90P50","Interdecile ratio P90/P50","0","Units",,,1.93039772727272,,
"CZE","Czech Republic","WOMEN","Women","LPI","Low Pay Incidence","2018","2018","IDX","Index","0","Units",,,23.6700028404003,,
"CZE","Czech Republic","WOMEN","Women","P5010","Decile 5/Decile 1","2018","2018","P50P10","Interdecile ratio P50/P10","0","Units",,,1.73673588959052,,
"CZE","Czech Republic","WOMEN","Women","P9010","Decile 9/Decile 1","2018","2018","P90P10","Interdecile ratio P90/P10","0","Units",,,2.9278041794154,,
"CZE","Czech Republic","WOMEN","Women","P9050","Decile 9/Decile 5","2018","2018","P90P50","Interdecile ratio P90/P50","0","Units",,,1.68580853137416,,
"DNK","Denmark","WOMEN","Women","LPI","Low Pay Incidence","2018","2018","IDX","Index","0","Units",,,11.805746204042,,
"DNK","Denmark","WOMEN","Women","P5010","Decile 5/Decile 1","2018","2018","P50P10","Interdecile ratio P50/P10","0","Units",,,1.50129526481276,,
"DNK","Denmark","WOMEN","Women","P9010","Decile 9/Decile 1","2018","2018","P90P10","Interdecile ratio P90/P10","0","Units",,,2.49116005598196,,
"DNK","Denmark","WOMEN","Women","P9050","Decile 9/Decile 5","2018","2018","P90P50","Interdecile ratio P90/P50","0","Units",,,1.65934051373475,,
"FIN","Finland","WOMEN","Women","LPI","Low Pay Incidence","2018","2018","IDX","Index","0","Units",,,11.2356384589917,,
"FIN","Finland","WOMEN","Women","P5010","Decile 5/Decile 1","2018","2018","P50P10","Interdecile ratio P50/P10","0","Units",,,1.39012089012089,,
"FIN","Finland","WOMEN","Women","P9010","Decile 9/Decile 1","2018","2018","P90P10","Interdecile ratio P90/P10","0","Units",,,2.32297682297682,,
"FIN","Finland","WOMEN","Women","P9050","Decile 9/Decile 5","2018","2018","P90P50","Interdecile ratio P90/P50","0","Units",,,1.67106101309995,,
"FRA","France","WOMEN","Women","P5010","Decile 5/Decile 1","2018","2018","P50P10","Interdecile ratio P50/P10","0","Units",,,1.43793320730938,,
"FRA","France","WOMEN","Women","P9010","Decile 9/Decile 1","2018","2018","P90P10","Interdecile ratio P90/P10","0","Units",,,2.57781978575929,,
"FRA","France","WOMEN","Women","P9050","Decile 9/Decile 5","2018","2018","P90P50","Interdecile ratio P90/P50","0","Units",,,1.79272567922874,,
"DEU","Germany","WOMEN","Women","LPI","Low Pay Incidence","2018","2018","IDX","Index","0","Units",,,23.6798618548685,,
"DEU","Germany","WOMEN","Women","P5010","Decile 5/Decile 1","2018","2018","P50P10","Interdecile ratio P50/P10","0","Units",,,1.78974358974359,,
"DEU","Germany","WOMEN","Women","P9010","Decile 9/Decile 1","2018","2018","P90P10","Interdecile ratio P90/P10","0","Units",,,3.07692307692307,,
"DEU","Germany","WOMEN","Women","P9050","Decile 9/Decile 5","2018","2018","P90P50","Interdecile ratio P90/P50","0","Units",,,1.71919770773639,,
"GRC","Greece","WOMEN","Women","LPI","Low Pay Incidence","2018","2018","IDX","Index","0","Units",,,18.0588235294117,,
"GRC","Greece","WOMEN","Women","P5010","Decile 5/Decile 1","2018","2018","P50P10","Interdecile ratio P50/P10","0","Units",,,1.83456425406203,,
"GRC","Greece","WOMEN","Women","P9010","Decile 9/Decile 1","2018","2018","P90P10","Interdecile ratio P90/P10","0","Units",,,3.15214180206794,,
"GRC","Greece","WOMEN","Women","P9050","Decile 9/Decile 5","2018","2018","P90P50","Interdecile ratio P90/P50","0","Units",,,1.71819645732689,,
"HUN","Hungary","WOMEN","Women","LPI","Low Pay Incidence","2018","2018","IDX","Index","0","Units",,,14.79,,
"HUN","Hungary","WOMEN","Women","P5010","Decile 5/Decile 1","2018","2018","P50P10","Interdecile ratio P50/P10","0","Units",,,1.47679444444444,,
"HUN","Hungary","WOMEN","Women","P9010","Decile 9/Decile 1","2018","2018","P90P10","Interdecile ratio P90/P10","0","Units",,,2.80536111111111,,
"HUN","Hungary","WOMEN","Women","P9050","Decile 9/Decile 5","2018","2018","P90P50","Interdecile ratio P90/P50","0","Units",,,1.89962870030057,,
"ISL","Iceland","WOMEN","Women","LPI","Low Pay Incidence","2018","2018","IDX","Index","0","Units",,,11.2393162393162,,
"ISL","Iceland","WOMEN","Women","P5010","Decile 5/Decile 1","2018","2018","P50P10","Interdecile ratio P50/P10","0","Units",,,1.54740283327279,,
"ISL","Iceland","WOMEN","Women","P9010","Decile 9/Decile 1","2018","2018","P90P10","Interdecile ratio P90/P10","0","Units",,,2.53069378859426,,
"ISL","Iceland","WOMEN","Women","P9050","Decile 9/Decile 5","2018","2018","P90P50","Interdecile ratio P90/P50","0","Units",,,1.63544600938967,,
"IRL","Ireland","WOMEN","Women","LPI","Low Pay Incidence","2018","2018","IDX","Index","0","Units",,,18.324074074074,,
"IRL","Ireland","WOMEN","Women","P5010","Decile 5/Decile 1","2018","2018","P50P10","Interdecile ratio P50/P10","0","Units",,,1.78468624064479,,
"IRL","Ireland","WOMEN","Women","P9010","Decile 9/Decile 1","2018","2018","P90P10","Interdecile ratio P90/P10","0","Units",,,3.36614853195164,,
"IRL","Ireland","WOMEN","Women","P9050","Decile 9/Decile 5","2018","2018","P90P50","Interdecile ratio P90/P50","0","Units",,,1.88612903225806,,
"ITA","Italy","WOMEN","Women","P5010","Decile 5/Decile 1","2018","2018","P50P10","Interdecile ratio P50/P10","0","Units",,,1.38806927517639,,
"ITA","Italy","WOMEN","Women","P9010","Decile 9/Decile 1","2018","2018","P90P10","Interdecile ratio P90/P10","0","Units",,,2.22706863373957,,
"ITA","Italy","WOMEN","Women","P9050","Decile 9/Decile 5","2018","2018","P90P50","Interdecile ratio P90/P50","0","Units",,,1.60443622920517,,
"JPN","Japan","WOMEN","Women","LPI","Low Pay Incidence","2018","2018","IDX","Index","0","Units",,,21.4616174999324,,
"JPN","Japan","WOMEN","Women","P5010","Decile 5/Decile 1","2018","2018","P50P10","Interdecile ratio P50/P10","0","Units",,,1.44935897435897,,
"JPN","Japan","WOMEN","Women","P9010","Decile 9/Decile 1","2018","2018","P90P10","Interdecile ratio P90/P10","0","Units",,,2.29935897435897,,
"JPN","Japan","WOMEN","Women","P9050","Decile 9/Decile 5","2018","2018","P90P50","Interdecile ratio P90/P50","0","Units",,,1.58646616541353,,
"KOR","Korea","WOMEN","Women","LPI","Low Pay Incidence","2018","2018","IDX","Index","0","Units",,,30.0383759355794,,
"KOR","Korea","WOMEN","Women","P5010","Decile 5/Decile 1","2018","2018","P50P10","Interdecile ratio P50/P10","0","Units",,,1.33757961783439,,
"KOR","Korea","WOMEN","Women","P9010","Decile 9/Decile 1","2018","2018","P90P10","Interdecile ratio P90/P10","0","Units",,,2.84294076433121,,
"KOR","Korea","WOMEN","Women","P9050","Decile 9/Decile 5","2018","2018","P90P50","Interdecile ratio P90/P50","0","Units",,,2.12543666666666,,
"NLD","Netherlands","WOMEN","Women","LPI","Low Pay Incidence","2018","2018","IDX","Index","0","Units",,,9.10416666666666,,
"NLD","Netherlands","WOMEN","Women","P5010","Decile 5/Decile 1","2018","2018","P50P10","Interdecile ratio P50/P10","0","Units",,,1.56598712446351,,
"NLD","Netherlands","WOMEN","Women","P9010","Decile 9/Decile 1","2018","2018","P90P10","Interdecile ratio P90/P10","0","Units",,,2.78969957081545,,
"NLD","Netherlands","WOMEN","Women","P9050","Decile 9/Decile 5","2018","2018","P90P50","Interdecile ratio P90/P50","0","Units",,,1.78143199725933,,
"NZL","New Zealand","WOMEN","Women","LPI","Low Pay Incidence","2018","2018","IDX","Index","0","Units",,,9.04498946665436,,
"NZL","New Zealand","WOMEN","Women","P5010","Decile 5/Decile 1","2018","2018","P50P10","Interdecile ratio P50/P10","0","Units",,,1.41882750845546,,
"NZL","New Zealand","WOMEN","Women","P9010","Decile 9/Decile 1","2018","2018","P90P10","Interdecile ratio P90/P10","0","Units",,,2.43235625704622,,
"NZL","New Zealand","WOMEN","Women","P9050","Decile 9/Decile 5","2018","2018","P90P50","Interdecile ratio P90/P50","0","Units",,,1.71434247119586,,
"NOR","Norway","WOMEN","Women","P5010","Decile 5/Decile 1","2018","2018","P50P10","Interdecile ratio P50/P10","0","Units",,,1.42808336180389,,
"NOR","Norway","WOMEN","Women","P9010","Decile 9/Decile 1","2018","2018","P90P10","Interdecile ratio P90/P10","0","Units",,,2.101127434233,,
"NOR","Norway","WOMEN","Women","P9050","Decile 9/Decile 5","2018","2018","P90P50","Interdecile ratio P90/P50","0","Units",,,1.4712918660287,,
"POL","Poland","WOMEN","Women","LPI","Low Pay Incidence","2018","2018","IDX","Index","0","Units",,,22.104753840571,,
"POL","Poland","WOMEN","Women","P5010","Decile 5/Decile 1","2018","2018","P50P10","Interdecile ratio P50/P10","0","Units",,,1.69954275363919,,
"POL","Poland","WOMEN","Women","P9010","Decile 9/Decile 1","2018","2018","P90P10","Interdecile ratio P90/P10","0","Units",,,3.14384484548607,,
"POL","Poland","WOMEN","Women","P9050","Decile 9/Decile 5","2018","2018","P90P50","Interdecile ratio P90/P50","0","Units",,,1.84981804003119,,
"PRT","Portugal","WOMEN","Women","P5010","Decile 5/Decile 1","2018","2018","P50P10","Interdecile ratio P50/P10","0","Units",,,1.30294117647058,,
"PRT","Portugal","WOMEN","Women","P9010","Decile 9/Decile 1","2018","2018","P90P10","Interdecile ratio P90/P10","0","Units",,,3.20294117647058,,
"PRT","Portugal","WOMEN","Women","P9050","Decile 9/Decile 5","2018","2018","P90P50","Interdecile ratio P90/P50","0","Units",,,2.45823927765237,,
"ESP","Spain","WOMEN","Women","LPI","Low Pay Incidence","2018","2018","IDX","Index","0","Units",,,15.0208333333333,,
"ESP","Spain","WOMEN","Women","P5010","Decile 5/Decile 1","2018","2018","P50P10","Interdecile ratio P50/P10","0","Units",,,1.62594696969697,,
"ESP","Spain","WOMEN","Women","P9010","Decile 9/Decile 1","2018","2018","P90P10","Interdecile ratio P90/P10","0","Units",,,3.16666666666666,,
"ESP","Spain","WOMEN","Women","P9050","Decile 9/Decile 5","2018","2018","P90P50","Interdecile ratio P90/P50","0","Units",,,1.94758299359347,,
"SWE","Sweden","WOMEN","Women","P5010","Decile 5/Decile 1","2018","2018","P50P10","Interdecile ratio P50/P10","0","Units",,,1.32300884955752,,
"SWE","Sweden","WOMEN","Women","P9010","Decile 9/Decile 1","2018","2018","P90P10","Interdecile ratio P90/P10","0","Units",,,1.99115044247787,,
"SWE","Sweden","WOMEN","Women","P9050","Decile 9/Decile 5","2018","2018","P90P50","Interdecile ratio P90/P50","0","Units",,,1.50501672240802,,
"CHE","Switzerland","WOMEN","Women","P5010","Decile 5/Decile 1","2018","2018","P50P10","Interdecile ratio P50/P10","0","Units",,,1.46251193887297,,
"CHE","Switzerland","WOMEN","Women","P9010","Decile 9/Decile 1","2018","2018","P90P10","Interdecile ratio P90/P10","0","Units",,,2.53724928366762,,
"CHE","Switzerland","WOMEN","Women","P9050","Decile 9/Decile 5","2018","2018","P90P50","Interdecile ratio P90/P50","0","Units",,,1.73485714285714,,
"GBR","United Kingdom","WOMEN","Women","LPI","Low Pay Incidence","2018","2018","IDX","Index","0","Units",,,25.4309201803235,,
"GBR","United Kingdom","WOMEN","Women","P5010","Decile 5/Decile 1","2018","2018","P50P10","Interdecile ratio P50/P10","0","Units",,,1.63560411311054,,
"GBR","United Kingdom","WOMEN","Women","P9010","Decile 9/Decile 1","2018","2018","P90P10","Interdecile ratio P90/P10","0","Units",,,3.07904884318766,,
"GBR","United Kingdom","WOMEN","Women","P9050","Decile 9/Decile 5","2018","2018","P90P50","Interdecile ratio P90/P50","0","Units",,,1.88251473477406,,
"USA","United States","WOMEN","Women","LPI","Low Pay Incidence","2018","2018","IDX","Index","0","Units",,,29.143,,
"USA","United States","WOMEN","Women","P5010","Decile 5/Decile 1","2018","2018","P50P10","Interdecile ratio P50/P10","0","Units",,,1.94334975369458,,
"USA","United States","WOMEN","Women","P9010","Decile 9/Decile 1","2018","2018","P90P10","Interdecile ratio P90/P10","0","Units",,,4.61083743842364,,
"USA","United States","WOMEN","Women","P9050","Decile 9/Decile 5","2018","2018","P90P50","Interdecile ratio P90/P50","0","Units",,,2.37262357414448,,
"ISR","Israel","WOMEN","Women","LPI","Low Pay Incidence","2018","2018","IDX","Index","0","Units",,,31.4801574166505,,
"ISR","Israel","WOMEN","Women","P5010","Decile 5/Decile 1","2018","2018","P50P10","Interdecile ratio P50/P10","0","Units",,,1.82588916459884,,
"ISR","Israel","WOMEN","Women","P9010","Decile 9/Decile 1","2018","2018","P90P10","Interdecile ratio P90/P10","0","Units",,,4.14185277088502,,
"ISR","Israel","WOMEN","Women","P9050","Decile 9/Decile 5","2018","2018","P90P50","Interdecile ratio P90/P50","0","Units",,,2.26840317100792,,
"SVK","Slovak Republic","MW","All persons","LPI","Low Pay Incidence","2018","2018","IDX","Index","0","Units",,,18,,
"SVK","Slovak Republic","MEN","Men","LPI","Low Pay Incidence","2018","2018","IDX","Index","0","Units",,,15,,
"SVK","Slovak Republic","WOMEN","Women","LPI","Low Pay Incidence","2018","2018","IDX","Index","0","Units",,,21,,
"SVK","Slovak Republic","MW","All persons","P5010","Decile 5/Decile 1","2018","2018","P50P10","Interdecile ratio P50/P10","0","Units",,,1.71507327039594,,
"SVK","Slovak Republic","MEN","Men","P5010","Decile 5/Decile 1","2018","2018","P50P10","Interdecile ratio P50/P10","0","Units",,,1.8104961766622,,
"SVK","Slovak Republic","WOMEN","Women","P5010","Decile 5/Decile 1","2018","2018","P50P10","Interdecile ratio P50/P10","0","Units",,,1.62151336392105,,
"SVK","Slovak Republic","MW","All persons","P9010","Decile 9/Decile 1","2018","2018","P90P10","Interdecile ratio P90/P10","0","Units",,,3.35662956178667,,
"SVK","Slovak Republic","MEN","Men","P9010","Decile 9/Decile 1","2018","2018","P90P10","Interdecile ratio P90/P10","0","Units",,,3.64175496348112,,
"SVK","Slovak Republic","WOMEN","Women","P9010","Decile 9/Decile 1","2018","2018","P90P10","Interdecile ratio P90/P10","0","Units",,,2.95364503677809,,
"SVK","Slovak Republic","MW","All persons","P9050","Decile 9/Decile 5","2018","2018","P90P50","Interdecile ratio P90/P50","0","Units",,,1.95713478818998,,
"SVK","Slovak Republic","MEN","Men","P9050","Decile 9/Decile 5","2018","2018","P90P50","Interdecile ratio P90/P50","0","Units",,,2.01146791162795,,
"SVK","Slovak Republic","WOMEN","Women","P9050","Decile 9/Decile 5","2018","2018","P90P50","Interdecile ratio P90/P50","0","Units",,,1.821536043117,,
"LUX","Luxembourg","MW","All persons","LPI","Low Pay Incidence","2018","2018","IDX","Index","0","Units",,,11.0833333333333,,
"LUX","Luxembourg","MEN","Men","LPI","Low Pay Incidence","2018","2018","IDX","Index","0","Units",,,9.03703703703703,,
"LUX","Luxembourg","WOMEN","Women","LPI","Low Pay Incidence","2018","2018","IDX","Index","0","Units",,,16.3333333333332,,
"LUX","Luxembourg","MW","All persons","P5010","Decile 5/Decile 1","2018","2018","P50P10","Interdecile ratio P50/P10","0","Units",,,1.50673744385463,,
"LUX","Luxembourg","MEN","Men","P5010","Decile 5/Decile 1","2018","2018","P50P10","Interdecile ratio P50/P10","0","Units",,,1.48222940226171,,
"LUX","Luxembourg","WOMEN","Women","P5010","Decile 5/Decile 1","2018","2018","P50P10","Interdecile ratio P50/P10","0","Units",,,1.65863277826468,,
"LUX","Luxembourg","MW","All persons","P9010","Decile 9/Decile 1","2018","2018","P90P10","Interdecile ratio P90/P10","0","Units",,,3.29277256022866,,
"LUX","Luxembourg","MEN","Men","P9010","Decile 9/Decile 1","2018","2018","P90P10","Interdecile ratio P90/P10","0","Units",,,3.27059773828756,,
"LUX","Luxembourg","WOMEN","Women","P9010","Decile 9/Decile 1","2018","2018","P90P10","Interdecile ratio P90/P10","0","Units",,,3.51183172655565,,
"LUX","Luxembourg","MW","All persons","P9050","Decile 9/Decile 5","2018","2018","P90P50","Interdecile ratio P90/P50","0","Units",,,2.18536585365853,,
"LUX","Luxembourg","MEN","Men","P9050","Decile 9/Decile 5","2018","2018","P90P50","Interdecile ratio P90/P50","0","Units",,,2.20653950953678,,
"LUX","Luxembourg","WOMEN","Women","P9050","Decile 9/Decile 5","2018","2018","P90P50","Interdecile ratio P90/P50","0","Units",,,2.11730515191545,,
"TUR","Turkey","MW","All persons","P5010","Decile 5/Decile 1","2018","2018","P50P10","Interdecile ratio P50/P10","0","Units",,,1.4225352112676,,
"TUR","Turkey","MEN","Men","P5010","Decile 5/Decile 1","2018","2018","P50P10","Interdecile ratio P50/P10","0","Units",,,1.46760563380281,,
"TUR","Turkey","WOMEN","Women","P5010","Decile 5/Decile 1","2018","2018","P50P10","Interdecile ratio P50/P10","0","Units",,,1.32112676056338,,
"TUR","Turkey","MW","All persons","P9010","Decile 9/Decile 1","2018","2018","P90P10","Interdecile ratio P90/P10","0","Units",,,3.36338028169014,,
"TUR","Turkey","MEN","Men","P9010","Decile 9/Decile 1","2018","2018","P90P10","Interdecile ratio P90/P10","0","Units",,,3.41971830985915,,
"TUR","Turkey","WOMEN","Women","P9010","Decile 9/Decile 1","2018","2018","P90P10","Interdecile ratio P90/P10","0","Units",,,3.24225352112676,,
"TUR","Turkey","MW","All persons","P9050","Decile 9/Decile 5","2018","2018","P90P50","Interdecile ratio P90/P50","0","Units",,,2.36435643564356,,
"TUR","Turkey","MEN","Men","P9050","Decile 9/Decile 5","2018","2018","P90P50","Interdecile ratio P90/P50","0","Units",,,2.33013435700575,,
"TUR","Turkey","WOMEN","Women","P9050","Decile 9/Decile 5","2018","2018","P90P50","Interdecile ratio P90/P50","0","Units",,,2.45415778251599,,
"SVN","Slovenia","MW","All persons","P5010","Decile 5/Decile 1","2018","2018","P50P10","Interdecile ratio P50/P10","0","Units",,,1.646188850967,,
"SVN","Slovenia","MEN","Men","P5010","Decile 5/Decile 1","2018","2018","P50P10","Interdecile ratio P50/P10","0","Units",,,1.67149220489977,,
"SVN","Slovenia","WOMEN","Women","P5010","Decile 5/Decile 1","2018","2018","P50P10","Interdecile ratio P50/P10","0","Units",,,1.6135831381733,,
"SVN","Slovenia","MW","All persons","P9010","Decile 9/Decile 1","2018","2018","P90P10","Interdecile ratio P90/P10","0","Units",,,3.19112627986348,,
"SVN","Slovenia","MEN","Men","P9010","Decile 9/Decile 1","2018","2018","P90P10","Interdecile ratio P90/P10","0","Units",,,3.34075723830735,,
"SVN","Slovenia","WOMEN","Women","P9010","Decile 9/Decile 1","2018","2018","P90P10","Interdecile ratio P90/P10","0","Units",,,3.0655737704918,,
"SVN","Slovenia","MW","All persons","P9050","Decile 9/Decile 5","2018","2018","P90P50","Interdecile ratio P90/P50","0","Units",,,1.93849343469246,,
"SVN","Slovenia","MEN","Men","P9050","Decile 9/Decile 5","2018","2018","P90P50","Interdecile ratio P90/P50","0","Units",,,1.99866755496335,,
"SVN","Slovenia","WOMEN","Women","P9050","Decile 9/Decile 5","2018","2018","P90P50","Interdecile ratio P90/P50","0","Units",,,1.89985486211901,,
"EST","Estonia","MW","All persons","P5010","Decile 5/Decile 1","2018","2018","P50P10","Interdecile ratio P50/P10","0","Units",,,2.09090909090909,,
"EST","Estonia","MEN","Men","P5010","Decile 5/Decile 1","2018","2018","P50P10","Interdecile ratio P50/P10","0","Units",,,2.19824561403508,,
"EST","Estonia","WOMEN","Women","P5010","Decile 5/Decile 1","2018","2018","P50P10","Interdecile ratio P50/P10","0","Units",,,1.88706739526411,,
"EST","Estonia","MW","All persons","P9010","Decile 9/Decile 1","2018","2018","P90P10","Interdecile ratio P90/P10","0","Units",,,4,,
"EST","Estonia","MEN","Men","P9010","Decile 9/Decile 1","2018","2018","P90P10","Interdecile ratio P90/P10","0","Units",,,4.38245614035087,,
"EST","Estonia","WOMEN","Women","P9010","Decile 9/Decile 1","2018","2018","P90P10","Interdecile ratio P90/P10","0","Units",,,3.39162112932604,,
"EST","Estonia","MW","All persons","P9050","Decile 9/Decile 5","2018","2018","P90P50","Interdecile ratio P90/P50","0","Units",,,1.91304347826087,,
"EST","Estonia","MEN","Men","P9050","Decile 9/Decile 5","2018","2018","P90P50","Interdecile ratio P90/P50","0","Units",,,1.99361532322426,,
"EST","Estonia","WOMEN","Women","P9050","Decile 9/Decile 5","2018","2018","P90P50","Interdecile ratio P90/P50","0","Units",,,1.79729729729729,,
"BEL","Belgium","WOMEN","Women","HPI","High Pay Incidence","2018","2018","IDX","Index","0","Units",,,10.1,,
"PRT","Portugal","MEN","Men","HPI","High Pay Incidence","2018","2018","IDX","Index","0","Units",,,28.9999773419601,,
"ISL","Iceland","MW","All persons","HPI","High Pay Incidence","2018","2018","IDX","Index","0","Units",,,20.9986535631992,,
"CAN","Canada","MW","All persons","HPI","High Pay Incidence","2018","2018","IDX","Index","0","Units",,,22.1761150545507,,
"FIN","Finland","MW","All persons","HPI","High Pay Incidence","2018","2018","IDX","Index","0","Units",,,16.9503685072218,,
"AUT","Austria","MEN","Men","HPI","High Pay Incidence","2018","2018","IDX","Index","0","Units",,,23.9870168500025,,
"ITA","Italy","WOMEN","Women","HPI","High Pay Incidence","2018","2018","IDX","Index","0","Units",,,12.9989955666389,,
"DEU","Germany","MEN","Men","HPI","High Pay Incidence","2018","2018","IDX","Index","0","Units",,,22.4635540028994,,
"LUX","Luxembourg","WOMEN","Women","HPI","High Pay Incidence","2018","2018","IDX","Index","0","Units",,,25.9988828651224,,
"ESP","Spain","WOMEN","Women","HPI","High Pay Incidence","2018","2018","IDX","Index","0","Units",,,22.9994898963684,,
"AUT","Austria","WOMEN","Women","HPI","High Pay Incidence","2018","2018","IDX","Index","0","Units",,,14.4203123355363,,
"BEL","Belgium","MW","All persons","HPI","High Pay Incidence","2018","2018","IDX","Index","0","Units",,,11.9,,
"GRC","Greece","WOMEN","Women","HPI","High Pay Incidence","2018","2018","IDX","Index","0","Units",,,21.9999923245487,,
"ISR","Israel","MEN","Men","HPI","High Pay Incidence","2018","2018","IDX","Index","0","Units",,,33.5316609124164,,
"NLD","Netherlands","MEN","Men","HPI","High Pay Incidence","2018","2018","IDX","Index","0","Units",,,30.9997119546601,,
"FIN","Finland","WOMEN","Women","HPI","High Pay Incidence","2018","2018","IDX","Index","0","Units",,,10.3325608098113,,
"ISL","Iceland","MEN","Men","HPI","High Pay Incidence","2018","2018","IDX","Index","0","Units",,,25.9995970767221,,
"ESP","Spain","MW","All persons","HPI","High Pay Incidence","2018","2018","IDX","Index","0","Units",,,25.9998738677528,,
"AUT","Austria","MW","All persons","HPI","High Pay Incidence","2018","2018","IDX","Index","0","Units",,,20.8102233823954,,
"DEU","Germany","WOMEN","Women","HPI","High Pay Incidence","2018","2018","IDX","Index","0","Units",,,11.5966212795341,,
"GRC","Greece","MW","All persons","HPI","High Pay Incidence","2018","2018","IDX","Index","0","Units",,,25.9999731364362,,
"PRT","Portugal","MW","All persons","HPI","High Pay Incidence","2018","2018","IDX","Index","0","Units",,,27.9999723069796,,
"NLD","Netherlands","WOMEN","Women","HPI","High Pay Incidence","2018","2018","IDX","Index","0","Units",,,20.9994238769341,,
"ISR","Israel","WOMEN","Women","HPI","High Pay Incidence","2018","2018","IDX","Index","0","Units",,,20.2284505955304,,
"CAN","Canada","MEN","Men","HPI","High Pay Incidence","2018","2018","IDX","Index","0","Units",,,27.0635152149564,,
"ITA","Italy","MEN","Men","HPI","High Pay Incidence","2018","2018","IDX","Index","0","Units",,,22.999895335642,,
"LUX","Luxembourg","MW","All persons","HPI","High Pay Incidence","2018","2018","IDX","Index","0","Units",,,23.9998659531248,,
"FIN","Finland","MEN","Men","HPI","High Pay Incidence","2018","2018","IDX","Index","0","Units",,,23.6546815736834,,
"DEU","Germany","MW","All persons","HPI","High Pay Incidence","2018","2018","IDX","Index","0","Units",,,18.7761989355048,,
"ESP","Spain","MEN","Men","HPI","High Pay Incidence","2018","2018","IDX","Index","0","Units",,,27.9998772308665,,
"ISL","Iceland","WOMEN","Women","HPI","High Pay Incidence","2018","2018","IDX","Index","0","Units",,,14.9971593018938,,
"PRT","Portugal","WOMEN","Women","HPI","High Pay Incidence","2018","2018","IDX","Index","0","Units",,,26.9996306188554,,
"ITA","Italy","MW","All persons","HPI","High Pay Incidence","2018","2018","IDX","Index","0","Units",,,18.9999283851775,,
"CAN","Canada","WOMEN","Women","HPI","High Pay Incidence","2018","2018","IDX","Index","0","Units",,,16.3774129822642,,
"LUX","Luxembourg","MEN","Men","HPI","High Pay Incidence","2018","2018","IDX","Index","0","Units",,,23.9988051584195,,
"BEL","Belgium","MEN","Men","HPI","High Pay Incidence","2018","2018","IDX","Index","0","Units",,,12.8,,
"GRC","Greece","MEN","Men","HPI","High Pay Incidence","2018","2018","IDX","Index","0","Units",,,29.9998447068323,,
"ISR","Israel","MW","All persons","HPI","High Pay Incidence","2018","2018","IDX","Index","0","Units",,,27.8142442939095,,
"NLD","Netherlands","MW","All persons","HPI","High Pay Incidence","2018","2018","IDX","Index","0","Units",,,28.9994986606007,,
"MEX","Mexico","MW","All persons","LPI","Low Pay Incidence","2018","2018","IDX","Index","0","Units",,,15.6608104442524,,
"MEX","Mexico","MEN","Men","LPI","Low Pay Incidence","2018","2018","IDX","Index","0","Units",,,12.9839280826867,,
"MEX","Mexico","WOMEN","Women","LPI","Low Pay Incidence","2018","2018","IDX","Index","0","Units",,,20.9397192605894,,
"MEX","Mexico","MW","All persons","P5010","Decile 5/Decile 1","2018","2018","P50P10","Interdecile ratio P50/P10","0","Units",,,1.73333333333333,,
"MEX","Mexico","MEN","Men","P5010","Decile 5/Decile 1","2018","2018","P50P10","Interdecile ratio P50/P10","0","Units",,,1.74418604651162,,
"MEX","Mexico","WOMEN","Women","P5010","Decile 5/Decile 1","2018","2018","P50P10","Interdecile ratio P50/P10","0","Units",,,1.71428571428571,,
"MEX","Mexico","MW","All persons","P9010","Decile 9/Decile 1","2018","2018","P90P10","Interdecile ratio P90/P10","0","Units",,,3.33333333333333,,
"MEX","Mexico","MEN","Men","P9010","Decile 9/Decile 1","2018","2018","P90P10","Interdecile ratio P90/P10","0","Units",,,3.35,,
"MEX","Mexico","WOMEN","Women","P9010","Decile 9/Decile 1","2018","2018","P90P10","Interdecile ratio P90/P10","0","Units",,,3.32225913621262,,
"MEX","Mexico","MW","All persons","P9050","Decile 9/Decile 5","2018","2018","P90P50","Interdecile ratio P90/P50","0","Units",,,1.92307692307692,,
"MEX","Mexico","MEN","Men","P9050","Decile 9/Decile 5","2018","2018","P90P50","Interdecile ratio P90/P50","0","Units",,,1.92066666666666,,
"MEX","Mexico","WOMEN","Women","P9050","Decile 9/Decile 5","2018","2018","P90P50","Interdecile ratio P90/P50","0","Units",,,1.93798449612403,,
"MEX","Mexico","MW","All persons","HPI","High Pay Incidence","2018","2018","IDX","Index","0","Units",,,20.6513688469388,,
"MEX","Mexico","MEN","Men","HPI","High Pay Incidence","2018","2018","IDX","Index","0","Units",,,22.8317382235182,,
"MEX","Mexico","WOMEN","Women","HPI","High Pay Incidence","2018","2018","IDX","Index","0","Units",,,16.3516015915093,,
"LTU","Lithuania","MW","All persons","LPI","Low Pay Incidence","2018","2018","IDX","Index","0","Units",,,21.6333333333333,,
"LTU","Lithuania","MEN","Men","LPI","Low Pay Incidence","2018","2018","IDX","Index","0","Units",,,20.0333333333333,,
"LTU","Lithuania","WOMEN","Women","LPI","Low Pay Incidence","2018","2018","IDX","Index","0","Units",,,23.1481481481481,,
"LTU","Lithuania","MW","All persons","P5010","Decile 5/Decile 1","2018","2018","P50P10","Interdecile ratio P50/P10","0","Units",,,1.76148796498905,,
"LTU","Lithuania","MEN","Men","P5010","Decile 5/Decile 1","2018","2018","P50P10","Interdecile ratio P50/P10","0","Units",,,1.80375782881002,,
"LTU","Lithuania","WOMEN","Women","P5010","Decile 5/Decile 1","2018","2018","P50P10","Interdecile ratio P50/P10","0","Units",,,1.69933184855233,,
"LTU","Lithuania","MW","All persons","P9010","Decile 9/Decile 1","2018","2018","P90P10","Interdecile ratio P90/P10","0","Units",,,3.54048140043763,,
"LTU","Lithuania","MEN","Men","P9010","Decile 9/Decile 1","2018","2018","P90P10","Interdecile ratio P90/P10","0","Units",,,3.79123173277661,,
"LTU","Lithuania","WOMEN","Women","P9010","Decile 9/Decile 1","2018","2018","P90P10","Interdecile ratio P90/P10","0","Units",,,3.13585746102449,,
"LTU","Lithuania","MW","All persons","P9050","Decile 9/Decile 5","2018","2018","P90P50","Interdecile ratio P90/P50","0","Units",,,2.00993788819875,,
"LTU","Lithuania","MEN","Men","P9050","Decile 9/Decile 5","2018","2018","P90P50","Interdecile ratio P90/P50","0","Units",,,2.10185185185185,,
"LTU","Lithuania","WOMEN","Women","P9050","Decile 9/Decile 5","2018","2018","P90P50","Interdecile ratio P90/P50","0","Units",,,1.84534731323722,,
"LTU","Lithuania","MW","All persons","HPI","High Pay Incidence","2018","2018","IDX","Index","0","Units",,,22.9990396927016,,
"LTU","Lithuania","MEN","Men","HPI","High Pay Incidence","2018","2018","IDX","Index","0","Units",,,28.9993349753694,,
"LTU","Lithuania","WOMEN","Women","HPI","High Pay Incidence","2018","2018","IDX","Index","0","Units",,,15.9997907424457,,
"LVA","Latvia","MW","All persons","LPI","Low Pay Incidence","2018","2018","IDX","Index","0","Units",,,21.9333333333333,,
"LVA","Latvia","MEN","Men","LPI","Low Pay Incidence","2018","2018","IDX","Index","0","Units",,,16.9259259259259,,
"LVA","Latvia","WOMEN","Women","LPI","Low Pay Incidence","2018","2018","IDX","Index","0","Units",,,26.6666666666666,,
"LVA","Latvia","MW","All persons","P5010","Decile 5/Decile 1","2018","2018","P50P10","Interdecile ratio P50/P10","0","Units",,,1.87755102040816,,
"LVA","Latvia","MEN","Men","P5010","Decile 5/Decile 1","2018","2018","P50P10","Interdecile ratio P50/P10","0","Units",,,1.97519083969465,,
"LVA","Latvia","WOMEN","Women","P5010","Decile 5/Decile 1","2018","2018","P50P10","Interdecile ratio P50/P10","0","Units",,,1.79347826086956,,
"LVA","Latvia","MW","All persons","P9010","Decile 9/Decile 1","2018","2018","P90P10","Interdecile ratio P90/P10","0","Units",,,4.07959183673469,,
"LVA","Latvia","MEN","Men","P9010","Decile 9/Decile 1","2018","2018","P90P10","Interdecile ratio P90/P10","0","Units",,,4.35687022900763,,
"LVA","Latvia","WOMEN","Women","P9010","Decile 9/Decile 1","2018","2018","P90P10","Interdecile ratio P90/P10","0","Units",,,3.6195652173913,,
"LVA","Latvia","MW","All persons","P9050","Decile 9/Decile 5","2018","2018","P90P50","Interdecile ratio P90/P50","0","Units",,,2.17282608695652,,
"LVA","Latvia","MEN","Men","P9050","Decile 9/Decile 5","2018","2018","P90P50","Interdecile ratio P90/P50","0","Units",,,2.20579710144927,,
"LVA","Latvia","WOMEN","Women","P9050","Decile 9/Decile 5","2018","2018","P90P50","Interdecile ratio P90/P50","0","Units",,,2.01818181818181,,
"LVA","Latvia","MW","All persons","HPI","High Pay Incidence","2018","2018","IDX","Index","0","Units",,,24.9995262659227,,
"LVA","Latvia","MEN","Men","HPI","High Pay Incidence","2018","2018","IDX","Index","0","Units",,,32.9992590059279,,
"LVA","Latvia","WOMEN","Women","HPI","High Pay Incidence","2018","2018","IDX","Index","0","Units",,,17.9993158614882,,
"DNK","Denmark","MW","All persons","HPI","High Pay Incidence","2018","2018","IDX","Index","0","Units",,,2.82891178544695,,
"DNK","Denmark","MEN","Men","HPI","High Pay Incidence","2018","2018","IDX","Index","0","Units",,,3.37643017611563,,
"DNK","Denmark","WOMEN","Women","HPI","High Pay Incidence","2018","2018","IDX","Index","0","Units",,,1.77575866365383,,
"COL","Colombia","MW","All persons","LPI","Low Pay Incidence","2018","2018","IDX","Index","0","Units",,,10.9797104771685,,
"COL","Colombia","MEN","Men","LPI","Low Pay Incidence","2018","2018","IDX","Index","0","Units",,,8.5057203619194,,
"COL","Colombia","WOMEN","Women","LPI","Low Pay Incidence","2018","2018","IDX","Index","0","Units",,,14.5264833041959,,
"COL","Colombia","MW","All persons","P5010","Decile 5/Decile 1","2018","2018","P50P10","Interdecile ratio P50/P10","0","Units",,,1.7474,,
"COL","Colombia","MEN","Men","P5010","Decile 5/Decile 1","2018","2018","P50P10","Interdecile ratio P50/P10","0","Units",,,1.5,,
"COL","Colombia","WOMEN","Women","P5010","Decile 5/Decile 1","2018","2018","P50P10","Interdecile ratio P50/P10","0","Units",,,1.99507921568627,,
"COL","Colombia","MW","All persons","P9010","Decile 9/Decile 1","2018","2018","P90P10","Interdecile ratio P90/P10","0","Units",,,4.73333333333333,,
"COL","Colombia","MEN","Men","P9010","Decile 9/Decile 1","2018","2018","P90P10","Interdecile ratio P90/P10","0","Units",,,3.79166666666666,,
"COL","Colombia","WOMEN","Women","P9010","Decile 9/Decile 1","2018","2018","P90P10","Interdecile ratio P90/P10","0","Units",,,5.88235294117647,,
"COL","Colombia","MW","All persons","P9050","Decile 9/Decile 5","2018","2018","P90P50","Interdecile ratio P90/P50","0","Units",,,2.7087863873946,,
"COL","Colombia","MEN","Men","P9050","Decile 9/Decile 5","2018","2018","P90P50","Interdecile ratio P90/P50","0","Units",,,2.52777777777777,,
"COL","Colombia","WOMEN","Women","P9050","Decile 9/Decile 5","2018","2018","P90P50","Interdecile ratio P90/P50","0","Units",,,2.94843076652123,,
"COL","Colombia","MW","All persons","HPI","High Pay Incidence","2018","2018","IDX","Index","0","Units",,,23.7287715359005,,
"COL","Colombia","MEN","Men","HPI","High Pay Incidence","2018","2018","IDX","Index","0","Units",,,23.8525284818251,,
"COL","Colombia","WOMEN","Women","HPI","High Pay Incidence","2018","2018","IDX","Index","0","Units",,,23.5513505469258,,
"CRI","Costa Rica","MW","All persons","LPI","Low Pay Incidence","2018","2018","IDX","Index","0","Units",,,12.916716055384,,
"CRI","Costa Rica","MEN","Men","LPI","Low Pay Incidence","2018","2018","IDX","Index","0","Units",,,9.65784155220362,,
"CRI","Costa Rica","WOMEN","Women","LPI","Low Pay Incidence","2018","2018","IDX","Index","0","Units",,,19.1726351077757,,
"CRI","Costa Rica","MW","All persons","P5010","Decile 5/Decile 1","2018","2018","P50P10","Interdecile ratio P50/P10","0","Units",,,1.58522727272727,,
"CRI","Costa Rica","MEN","Men","P5010","Decile 5/Decile 1","2018","2018","P50P10","Interdecile ratio P50/P10","0","Units",,,1.46405817620181,,
"CRI","Costa Rica","WOMEN","Women","P5010","Decile 5/Decile 1","2018","2018","P50P10","Interdecile ratio P50/P10","0","Units",,,2.00694444444444,,
"CRI","Costa Rica","MW","All persons","P9010","Decile 9/Decile 1","2018","2018","P90P10","Interdecile ratio P90/P10","0","Units",,,4.36795104895104,,
"CRI","Costa Rica","MEN","Men","P9010","Decile 9/Decile 1","2018","2018","P90P10","Interdecile ratio P90/P10","0","Units",,,3.63343844520239,,
"CRI","Costa Rica","WOMEN","Women","P9010","Decile 9/Decile 1","2018","2018","P90P10","Interdecile ratio P90/P10","0","Units",,,6.42430555555555,,
"CRI","Costa Rica","MW","All persons","P9050","Decile 9/Decile 5","2018","2018","P90P50","Interdecile ratio P90/P50","0","Units",,,2.7554099807003,,
"CRI","Costa Rica","MEN","Men","P9050","Decile 9/Decile 5","2018","2018","P90P50","Interdecile ratio P90/P50","0","Units",,,2.48175824175824,,
"CRI","Costa Rica","WOMEN","Women","P9050","Decile 9/Decile 5","2018","2018","P90P50","Interdecile ratio P90/P50","0","Units",,,3.20103806228373,,
"CRI","Costa Rica","MW","All persons","HPI","High Pay Incidence","2018","2018","IDX","Index","0","Units",,,24.0944104743193,,
"CRI","Costa Rica","MEN","Men","HPI","High Pay Incidence","2018","2018","IDX","Index","0","Units",,,21.8031507701198,,
"CRI","Costa Rica","WOMEN","Women","HPI","High Pay Incidence","2018","2018","IDX","Index","0","Units",,,28.4928416576895,,
"FRA","France","MW","All persons","LPI","Low Pay Incidence","2018","2018","IDX","Index","0","Units",,,7.73563218390804,,
"FRA","France","MEN","Men","LPI","Low Pay Incidence","2018","2018","IDX","Index","0","Units",,,5.78861788617886,,
"FRA","France","WOMEN","Women","LPI","Low Pay Incidence","2018","2018","IDX","Index","0","Units",,,10.3787878787878,,
"FRA","France","MW","All persons","HPI","High Pay Incidence","2018","2018","IDX","Index","0","Units",,,20.9999743389844,,
"FRA","France","MEN","Men","HPI","High Pay Incidence","2018","2018","IDX","Index","0","Units",,,25.9998399456548,,
"FRA","France","WOMEN","Women","HPI","High Pay Incidence","2018","2018","IDX","Index","0","Units",,,15.9996484052089,,
"TUR","Turkey","MW","All persons","LPI","Low Pay Incidence","2018","2018","IDX","Index","0","Units",,,0.96424452133794,,
"TUR","Turkey","MEN","Men","LPI","Low Pay Incidence","2018","2018","IDX","Index","0","Units",,,0.96424452133794,,
"TUR","Turkey","WOMEN","Women","LPI","Low Pay Incidence","2018","2018","IDX","Index","0","Units",,,0.93428912783751,,
"TUR","Turkey","MW","All persons","HPI","High Pay Incidence","2018","2018","IDX","Index","0","Units",,,28.9997000643764,,
"TUR","Turkey","MEN","Men","HPI","High Pay Incidence","2018","2018","IDX","Index","0","Units",,,29.9997000643764,,
"TUR","Turkey","WOMEN","Women","HPI","High Pay Incidence","2018","2018","IDX","Index","0","Units",,,26.9991614928994,,
"SVN","Slovenia","MW","All persons","LPI","Low Pay Incidence","2018","2018","IDX","Index","0","Units",,,17.0555555555555,,
"SVN","Slovenia","MEN","Men","LPI","Low Pay Incidence","2018","2018","IDX","Index","0","Units",,,13.9047619047619,,
"SVN","Slovenia","WOMEN","Women","LPI","Low Pay Incidence","2018","2018","IDX","Index","0","Units",,,20.6060606060606,,
"SVN","Slovenia","MW","All persons","HPI","High Pay Incidence","2018","2018","IDX","Index","0","Units",,,21.9997492425034,,
"SVN","Slovenia","MEN","Men","HPI","High Pay Incidence","2018","2018","IDX","Index","0","Units",,,23.9993942179144,,
"SVN","Slovenia","WOMEN","Women","HPI","High Pay Incidence","2018","2018","IDX","Index","0","Units",,,19.9998838357437,,
"JPN","Japan","MW","All persons","HPI","High Pay Incidence","2018","2018","IDX","Index","0","Units",,,15.6717290600288,,
"JPN","Japan","MEN","Men","HPI","High Pay Incidence","2018","2018","IDX","Index","0","Units",,,21.4324249270315,,
"JPN","Japan","WOMEN","Women","HPI","High Pay Incidence","2018","2018","IDX","Index","0","Units",,,4.90229294540735,,
"OECD","OECD countries","MW","All persons","LPI","Low Pay Incidence","2018","2018","IDX","Index","0","Units",,,13.7580820552694,,
"OECD","OECD countries","MEN","Men","LPI","Low Pay Incidence","2018","2018","IDX","Index","0","Units",,,11.1323686273047,,
"OECD","OECD countries","WOMEN","Women","LPI","Low Pay Incidence","2018","2018","IDX","Index","0","Units",,,18.500565951306,,
"OECD","OECD countries","MW","All persons","P5010","Decile 5/Decile 1","2018","2018","P50P10","Interdecile ratio P50/P10","0","Units",,,1.64392611423475,,
"OECD","OECD countries","MEN","Men","P5010","Decile 5/Decile 1","2018","2018","P50P10","Interdecile ratio P50/P10","0","Units",,,1.66540863770273,,
"OECD","OECD countries","WOMEN","Women","P5010","Decile 5/Decile 1","2018","2018","P50P10","Interdecile ratio P50/P10","0","Units",,,1.60843254184956,,
"OECD","OECD countries","MW","All persons","P9010","Decile 9/Decile 1","2018","2018","P90P10","Interdecile ratio P90/P10","0","Units",,,3.32452699492875,,
"OECD","OECD countries","MEN","Men","P9010","Decile 9/Decile 1","2018","2018","P90P10","Interdecile ratio P90/P10","0","Units",,,3.41407973176295,,
"OECD","OECD countries","WOMEN","Women","P9010","Decile 9/Decile 1","2018","2018","P90P10","Interdecile ratio P90/P10","0","Units",,,3.13705852084297,,
"OECD","OECD countries","MW","All persons","P9050","Decile 9/Decile 5","2018","2018","P90P50","Interdecile ratio P90/P50","0","Units",,,2.02230925474186,,
"OECD","OECD countries","MEN","Men","P9050","Decile 9/Decile 5","2018","2018","P90P50","Interdecile ratio P90/P50","0","Units",,,2.04999521106864,,
"OECD","OECD countries","WOMEN","Women","P9050","Decile 9/Decile 5","2018","2018","P90P50","Interdecile ratio P90/P50","0","Units",,,1.95038239977141,,
"OECD","OECD countries","MW","All persons","HPI","High Pay Incidence","2018","2018","IDX","Index","0","Units",,,22.231478847047,,
"OECD","OECD countries","MEN","Men","HPI","High Pay Incidence","2018","2018","IDX","Index","0","Units",,,25.2147901531796,,
"OECD","OECD countries","WOMEN","Women","HPI","High Pay Incidence","2018","2018","IDX","Index","0","Units",,,18.2913869974766,,
"ROU","Romania","MW","All persons","LPI","Low Pay Incidence","2018","2018","IDX","Index","0","Units",,,20.7777777777777,,
"ROU","Romania","MEN","Men","LPI","Low Pay Incidence","2018","2018","IDX","Index","0","Units",,,22.6111111111111,,
"ROU","Romania","WOMEN","Women","LPI","Low Pay Incidence","2018","2018","IDX","Index","0","Units",,,18.7777777777777,,
"ROU","Romania","MW","All persons","P5010","Decile 5/Decile 1","2018","2018","P50P10","Interdecile ratio P50/P10","0","Units",,,1.70388349514563,,
"ROU","Romania","MEN","Men","P5010","Decile 5/Decile 1","2018","2018","P50P10","Interdecile ratio P50/P10","0","Units",,,1.73543689320388,,
"ROU","Romania","WOMEN","Women","P5010","Decile 5/Decile 1","2018","2018","P50P10","Interdecile ratio P50/P10","0","Units",,,1.65865384615384,,
"ROU","Romania","MW","All persons","P9010","Decile 9/Decile 1","2018","2018","P90P10","Interdecile ratio P90/P10","0","Units",,,4.10436893203883,,
"ROU","Romania","MEN","Men","P9010","Decile 9/Decile 1","2018","2018","P90P10","Interdecile ratio P90/P10","0","Units",,,4.17233009708737,,
"ROU","Romania","WOMEN","Women","P9010","Decile 9/Decile 1","2018","2018","P90P10","Interdecile ratio P90/P10","0","Units",,,3.98557692307692,,
"ROU","Romania","MW","All persons","P9050","Decile 9/Decile 5","2018","2018","P90P50","Interdecile ratio P90/P50","0","Units",,,2.4088319088319,,
"ROU","Romania","MEN","Men","P9050","Decile 9/Decile 5","2018","2018","P90P50","Interdecile ratio P90/P50","0","Units",,,2.4041958041958,,
"ROU","Romania","WOMEN","Women","P9050","Decile 9/Decile 5","2018","2018","P90P50","Interdecile ratio P90/P50","0","Units",,,2.40289855072463,,
"ROU","Romania","MW","All persons","HPI","High Pay Incidence","2018","2018","IDX","Index","0","Units",,,26.9999867805303,,
"ROU","Romania","MEN","Men","HPI","High Pay Incidence","2018","2018","IDX","Index","0","Units",,,27,,
"ROU","Romania","WOMEN","Women","HPI","High Pay Incidence","2018","2018","IDX","Index","0","Units",,,26.9999080248332,,
"MLT","Malta","MW","All persons","LPI","Low Pay Incidence","2018","2018","IDX","Index","0","Units",,,16.2888888888888,,
"MLT","Malta","MEN","Men","LPI","Low Pay Incidence","2018","2018","IDX","Index","0","Units",,,14.0972222222222,,
"MLT","Malta","WOMEN","Women","LPI","Low Pay Incidence","2018","2018","IDX","Index","0","Units",,,19.3333333333333,,
"MLT","Malta","MW","All persons","P5010","Decile 5/Decile 1","2018","2018","P50P10","Interdecile ratio P50/P10","0","Units",,,1.70380687093779,,
"MLT","Malta","MEN","Men","P5010","Decile 5/Decile 1","2018","2018","P50P10","Interdecile ratio P50/P10","0","Units",,,1.72351885098743,,
"MLT","Malta","WOMEN","Women","P5010","Decile 5/Decile 1","2018","2018","P50P10","Interdecile ratio P50/P10","0","Units",,,1.64927536231884,,
"MLT","Malta","MW","All persons","P9010","Decile 9/Decile 1","2018","2018","P90P10","Interdecile ratio P90/P10","0","Units",,,3.15413184772516,,
"MLT","Malta","MEN","Men","P9010","Decile 9/Decile 1","2018","2018","P90P10","Interdecile ratio P90/P10","0","Units",,,3.35368043087971,,
"MLT","Malta","WOMEN","Women","P9010","Decile 9/Decile 1","2018","2018","P90P10","Interdecile ratio P90/P10","0","Units",,,2.79806763285024,,
"MLT","Malta","MW","All persons","P9050","Decile 9/Decile 5","2018","2018","P90P50","Interdecile ratio P90/P50","0","Units",,,1.85122615803814,,
"MLT","Malta","MEN","Men","P9050","Decile 9/Decile 5","2018","2018","P90P50","Interdecile ratio P90/P50","0","Units",,,1.94583333333333,,
"MLT","Malta","WOMEN","Women","P9050","Decile 9/Decile 5","2018","2018","P90P50","Interdecile ratio P90/P50","0","Units",,,1.69654364381956,,
"MLT","Malta","MW","All persons","HPI","High Pay Incidence","2018","2018","IDX","Index","0","Units",,,20.9994021305891,,
"MLT","Malta","MEN","Men","HPI","High Pay Incidence","2018","2018","IDX","Index","0","Units",,,25.9988230607662,,
"MLT","Malta","WOMEN","Women","HPI","High Pay Incidence","2018","2018","IDX","Index","0","Units",,,14.9966608846487,,
"BGR","Bulgaria","MW","All persons","LPI","Low Pay Incidence","2018","2018","IDX","Index","0","Units",,,20.4166666666666,,
"BGR","Bulgaria","MEN","Men","LPI","Low Pay Incidence","2018","2018","IDX","Index","0","Units",,,22.5333333333333,,
"BGR","Bulgaria","WOMEN","Women","LPI","Low Pay Incidence","2018","2018","IDX","Index","0","Units",,,18.4166666666666,,
"BGR","Bulgaria","MW","All persons","P5010","Decile 5/Decile 1","2018","2018","P50P10","Interdecile ratio P50/P10","0","Units",,,1.69776119402985,,
"BGR","Bulgaria","MEN","Men","P5010","Decile 5/Decile 1","2018","2018","P50P10","Interdecile ratio P50/P10","0","Units",,,1.73684210526315,,
"BGR","Bulgaria","WOMEN","Women","P5010","Decile 5/Decile 1","2018","2018","P50P10","Interdecile ratio P50/P10","0","Units",,,1.64705882352941,,
"BGR","Bulgaria","MW","All persons","P9010","Decile 9/Decile 1","2018","2018","P90P10","Interdecile ratio P90/P10","0","Units",,,4.17910447761194,,
"BGR","Bulgaria","MEN","Men","P9010","Decile 9/Decile 1","2018","2018","P90P10","Interdecile ratio P90/P10","0","Units",,,4.7593984962406,,
"BGR","Bulgaria","WOMEN","Women","P9010","Decile 9/Decile 1","2018","2018","P90P10","Interdecile ratio P90/P10","0","Units",,,3.58823529411764,,
"BGR","Bulgaria","MW","All persons","P9050","Decile 9/Decile 5","2018","2018","P90P50","Interdecile ratio P90/P50","0","Units",,,2.46153846153846,,
"BGR","Bulgaria","MEN","Men","P9050","Decile 9/Decile 5","2018","2018","P90P50","Interdecile ratio P90/P50","0","Units",,,2.74025974025974,,
"BGR","Bulgaria","WOMEN","Women","P9050","Decile 9/Decile 5","2018","2018","P90P50","Interdecile ratio P90/P50","0","Units",,,2.17857142857142,,
"BGR","Bulgaria","MW","All persons","HPI","High Pay Incidence","2018","2018","IDX","Index","0","Units",,,26.9999267103961,,
"BGR","Bulgaria","MEN","Men","HPI","High Pay Incidence","2018","2018","IDX","Index","0","Units",,,30.9999267103961,,
"BGR","Bulgaria","WOMEN","Women","HPI","High Pay Incidence","2018","2018","IDX","Index","0","Units",,,22.9997064220183,,
"CYP","Cyprus","MW","All persons","LPI","Low Pay Incidence","2018","2018","IDX","Index","0","Units",,,16.5416666666666,,
"CYP","Cyprus","MEN","Men","LPI","Low Pay Incidence","2018","2018","IDX","Index","0","Units",,,12.3333333333333,,
"CYP","Cyprus","WOMEN","Women","LPI","Low Pay Incidence","2018","2018","IDX","Index","0","Units",,,20.9666666666666,,
"CYP","Cyprus","MW","All persons","P5010","Decile 5/Decile 1","2018","2018","P50P10","Interdecile ratio P50/P10","0","Units",,,1.65198237885462,,
"CYP","Cyprus","MEN","Men","P5010","Decile 5/Decile 1","2018","2018","P50P10","Interdecile ratio P50/P10","0","Units",,,1.6978947368421,,
"CYP","Cyprus","WOMEN","Women","P5010","Decile 5/Decile 1","2018","2018","P50P10","Interdecile ratio P50/P10","0","Units",,,1.54204545454545,,
"CYP","Cyprus","MW","All persons","P9010","Decile 9/Decile 1","2018","2018","P90P10","Interdecile ratio P90/P10","0","Units",,,3.79515418502202,,
"CYP","Cyprus","MEN","Men","P9010","Decile 9/Decile 1","2018","2018","P90P10","Interdecile ratio P90/P10","0","Units",,,3.83473684210526,,
"CYP","Cyprus","WOMEN","Women","P9010","Decile 9/Decile 1","2018","2018","P90P10","Interdecile ratio P90/P10","0","Units",,,3.6715909090909,,
"CYP","Cyprus","MW","All persons","P9050","Decile 9/Decile 5","2018","2018","P90P50","Interdecile ratio P90/P50","0","Units",,,2.29733333333333,,
"CYP","Cyprus","MEN","Men","P9050","Decile 9/Decile 5","2018","2018","P90P50","Interdecile ratio P90/P50","0","Units",,,2.25852448853068,,
"CYP","Cyprus","WOMEN","Women","P9050","Decile 9/Decile 5","2018","2018","P90P50","Interdecile ratio P90/P50","0","Units",,,2.38098747236551,,
"CYP","Cyprus","MW","All persons","HPI","High Pay Incidence","2018","2018","IDX","Index","0","Units",,,26.9997950413223,,
"CYP","Cyprus","MEN","Men","HPI","High Pay Incidence","2018","2018","IDX","Index","0","Units",,,29.9999933871181,,
"CYP","Cyprus","WOMEN","Women","HPI","High Pay Incidence","2018","2018","IDX","Index","0","Units",,,23.9987851838269,,
"HRV","Croatia","MW","All persons","LPI","Low Pay Incidence","2018","2018","IDX","Index","0","Units",,,18.3333333333333,,
"HRV","Croatia","MEN","Men","LPI","Low Pay Incidence","2018","2018","IDX","Index","0","Units",,,13.8095238095238,,
"HRV","Croatia","WOMEN","Women","LPI","Low Pay Incidence","2018","2018","IDX","Index","0","Units",,,23.3333333333333,,
"HRV","Croatia","MW","All persons","P5010","Decile 5/Decile 1","2018","2018","P50P10","Interdecile ratio P50/P10","0","Units",,,1.73958333333333,,
"HRV","Croatia","MEN","Men","P5010","Decile 5/Decile 1","2018","2018","P50P10","Interdecile ratio P50/P10","0","Units",,,1.69558101472995,,
"HRV","Croatia","WOMEN","Women","P5010","Decile 5/Decile 1","2018","2018","P50P10","Interdecile ratio P50/P10","0","Units",,,1.72202166064981,,
"HRV","Croatia","MW","All persons","P9010","Decile 9/Decile 1","2018","2018","P90P10","Interdecile ratio P90/P10","0","Units",,,3.31076388888888,,
"HRV","Croatia","MEN","Men","P9010","Decile 9/Decile 1","2018","2018","P90P10","Interdecile ratio P90/P10","0","Units",,,3.34206219312602,,
"HRV","Croatia","WOMEN","Women","P9010","Decile 9/Decile 1","2018","2018","P90P10","Interdecile ratio P90/P10","0","Units",,,3.20036101083032,,
"HRV","Croatia","MW","All persons","P9050","Decile 9/Decile 5","2018","2018","P90P50","Interdecile ratio P90/P50","0","Units",,,1.90319361277445,,
"HRV","Croatia","MEN","Men","P9050","Decile 9/Decile 5","2018","2018","P90P50","Interdecile ratio P90/P50","0","Units",,,1.97104247104247,,
"HRV","Croatia","WOMEN","Women","P9050","Decile 9/Decile 5","2018","2018","P90P50","Interdecile ratio P90/P50","0","Units",,,1.85849056603773,,
"HRV","Croatia","MW","All persons","HPI","High Pay Incidence","2018","2018","IDX","Index","0","Units",,,19.9992151938471,,
"HRV","Croatia","MEN","Men","HPI","High Pay Incidence","2018","2018","IDX","Index","0","Units",,,22,,
"HRV","Croatia","WOMEN","Women","HPI","High Pay Incidence","2018","2018","IDX","Index","0","Units",,,16.9984288052373,,
"KOR","Korea","MW","All persons","GWG9","Gender wage gap at 9th decile (top)","2018","2018",,,"0","Units",,,36.2369,,
"NZL","New Zealand","MW","All persons","GWG1","Gender wage gap at 1st decile (bottom)","2018","2018",,,"0","Units",,,1.4444444444,,
"GRC","Greece","MW","All persons","GWG9","Gender wage gap at 9th decile (top)","2018","2018",,,"0","Units",,,22.343522562,,
"CHE","Switzerland","MW","All persons","GWG1","Gender wage gap at 1st decile (bottom)","2018","2018",,,"0","Units",,,14.285714286,,
"BGR","Bulgaria","MW","All persons","GWG5","Gender wage gap at median","2018","2018",,,"0","Units",,,3.0303030303,,
"HRV","Croatia","MW","All persons","GWG9","Gender wage gap at 9th decile (top)","2018","2018",,,"0","Units",,,13.173359452,,
"SVK","Slovak Republic","MW","All persons","GWG1","Gender wage gap at 1st decile (bottom)","2018","2018",,,"0","Units",,,5.8327332579,,
"IRL","Ireland","MW","All persons","GWG1","Gender wage gap at 1st decile (bottom)","2018","2018",,,"0","Units",,,10.093167702,,
"PRT","Portugal","MW","All persons","GWG1","Gender wage gap at 1st decile (bottom)","2018","2018",,,"0","Units",,,1.7341040462,,
"NZL","New Zealand","MW","All persons","GWG9","Gender wage gap at 9th decile (top)","2018","2018",,,"0","Units",,,18.353831599,,
"OECD","OECD countries","MW","All persons","GWG5","Gender wage gap at median","2018","2018",,,"0","Units",,,12.7372264679771,,
"KOR","Korea","MW","All persons","GWG1","Gender wage gap at 1st decile (bottom)","2018","2018",,,"0","Units",,,7.6470588235,,
"LVA","Latvia","MW","All persons","GWG1","Gender wage gap at 1st decile (bottom)","2018","2018",,,"0","Units",,,12.213740458,,
"AUT","Austria","MW","All persons","GWG9","Gender wage gap at 9th decile (top)","2018","2018",,,"0","Units",,,20.078482969,,
"MLT","Malta","MW","All persons","GWG9","Gender wage gap at 9th decile (top)","2018","2018",,,"0","Units",,,22.483940043,,
"DEU","Germany","MW","All persons","GWG1","Gender wage gap at 1st decile (bottom)","2018","2018",,,"0","Units",,,14.473684211,,
"PRT","Portugal","MW","All persons","GWG9","Gender wage gap at 9th decile (top)","2018","2018",,,"0","Units",,,13.08858739,,
"ISL","Iceland","MW","All persons","GWG5","Gender wage gap at median","2018","2018",,,"0","Units",,,12.901247189,,
"MEX","Mexico","MW","All persons","GWG5","Gender wage gap at median","2018","2018",,,"0","Units",,,14,,
"CAN","Canada","MW","All persons","GWG5","Gender wage gap at median","2018","2018",,,"0","Units",,,18.518518519,,
"ITA","Italy","MW","All persons","GWG5","Gender wage gap at median","2018","2018",,,"0","Units",,,5.7080610022,,
"USA","United States","MW","All persons","GWG9","Gender wage gap at 9th decile (top)","2018","2018",,,"0","Units",,,21.608040201,,
"FIN","Finland","MW","All persons","GWG5","Gender wage gap at median","2018","2018",,,"0","Units",,,18.855203722,,
"AUT","Austria","MW","All persons","GWG1","Gender wage gap at 1st decile (bottom)","2018","2018",,,"0","Units",,,18.113590462,,
"TUR","Turkey","MW","All persons","GWG9","Gender wage gap at 9th decile (top)","2018","2018",,,"0","Units",,,5.1894563427,,
"SWE","Sweden","MW","All persons","GWG5","Gender wage gap at median","2018","2018",,,"0","Units",,,7.1428571429,,
"EST","Estonia","MW","All persons","GWG9","Gender wage gap at 9th decile (top)","2018","2018",,,"0","Units",,,25.460368295,,
"SVN","Slovenia","MW","All persons","GWG5","Gender wage gap at median","2018","2018",,,"0","Units",,,8.1945369753,,
"FRA","France","MW","All persons","GWG5","Gender wage gap at median","2018","2018",,,"0","Units",,,11.823802164,,
"MLT","Malta","MW","All persons","GWG1","Gender wage gap at 1st decile (bottom)","2018","2018",,,"0","Units",,,7.091561939,,
"CZE","Czech Republic","MW","All persons","GWG1","Gender wage gap at 1st decile (bottom)","2018","2018",,,"0","Units",,,5.2725703009,,
"IRL","Ireland","MEN","Men","HPI","High Pay Incidence","2018","2018","IDX","Index","0","Units",,,30.9975802562689,,
"LTU","Lithuania","MW","All persons","GWG9","Gender wage gap at 9th decile (top)","2018","2018",,,"0","Units",,,22.466960352,,
"HRV","Croatia","MW","All persons","GWG1","Gender wage gap at 1st decile (bottom)","2018","2018",,,"0","Units",,,9.3289689034,,
"CRI","Costa Rica","MW","All persons","GWG1","Gender wage gap at 1st decile (bottom)","2018","2018",,,"0","Units",,,30.497458009,,
"SVK","Slovak Republic","MW","All persons","GWG9","Gender wage gap at 9th decile (top)","2018","2018",,,"0","Units",,,23.625646748,,
"SWE","Sweden","MW","All persons","GWG1","Gender wage gap at 1st decile (bottom)","2018","2018",,,"0","Units",,,4.2372881356,,
"EST","Estonia","MW","All persons","GWG5","Gender wage gap at median","2018","2018",,,"0","Units",,,17.318435754,,
"ISR","Israel","MW","All persons","GWG1","Gender wage gap at 1st decile (bottom)","2018","2018",,,"0","Units",,,19.4,,
"COL","Colombia","MW","All persons","GWG5","Gender wage gap at median","2018","2018",,,"0","Units",,,5.7879259259,,
"ISL","Iceland","MW","All persons","GWG1","Gender wage gap at 1st decile (bottom)","2018","2018",,,"0","Units",,,13.017377567,,
"DEU","Germany","MW","All persons","GWG9","Gender wage gap at 9th decile (top)","2018","2018",,,"0","Units",,,22.279792746,,
"NLD","Netherlands","MW","All persons","GWG9","Gender wage gap at 9th decile (top)","2018","2018",,,"0","Units",,,13.692946058,,
"CYP","Cyprus","MW","All persons","GWG9","Gender wage gap at 9th decile (top)","2018","2018",,,"0","Units",,,11.309360417,,
"IRL","Ireland","MW","All persons","GWG9","Gender wage gap at 9th decile (top)","2018","2018",,,"0","Units",,,20.95444099,,
"USA","United States","MW","All persons","GWG1","Gender wage gap at 1st decile (bottom)","2018","2018",,,"0","Units",,,13.062098501,,
"AUS","Australia","MW","All persons","GWG9","Gender wage gap at 9th decile (top)","2018","2018",,,"0","Units",,,16.528614458,,
"DNK","Denmark","MW","All persons","GWG9","Gender wage gap at 9th decile (top)","2018","2018",,,"0","Units",,,12.102688197,,
"ROU","Romania","MW","All persons","GWG5","Gender wage gap at median","2018","2018",,,"0","Units",,,3.4965034965,,
"LTU","Lithuania","MW","All persons","GWG5","Gender wage gap at median","2018","2018",,,"0","Units",,,11.689814815,,
"NLD","Netherlands","MW","All persons","GWG1","Gender wage gap at 1st decile (bottom)","2018","2018",,,"0","Units",,,9.7336561743,,
"CZE","Czech Republic","MW","All persons","GWG9","Gender wage gap at 9th decile (top)","2018","2018",,,"0","Units",,,23.154207604,,
"FRA","France","MW","All persons","GWG1","Gender wage gap at 1st decile (bottom)","2018","2018",,,"0","Units",,,8.2128397918,,
"ITA","Italy","MW","All persons","GWG9","Gender wage gap at 9th decile (top)","2018","2018",,,"0","Units",,,22.257053292,,
"AUS","Australia","MW","All persons","GWG1","Gender wage gap at 1st decile (bottom)","2018","2018",,,"0","Units",,,5,,
"CYP","Cyprus","MW","All persons","GWG1","Gender wage gap at 1st decile (bottom)","2018","2018",,,"0","Units",,,7.3684210526,,
"ESP","Spain","MW","All persons","GWG5","Gender wage gap at median","2018","2018",,,"0","Units",,,8.6216072379,,
"ISR","Israel","MW","All persons","GWG9","Gender wage gap at 9th decile (top)","2018","2018",,,"0","Units",,,29.84483906,,
"POL","Poland","MW","All persons","GWG5","Gender wage gap at median","2018","2018",,,"0","Units",,,11.497909952,,
"JPN","Japan","MW","All persons","GWG5","Gender wage gap at median","2018","2018",,,"0","Units",,,23.537368955,,
"CHE","Switzerland","MW","All persons","GWG9","Gender wage gap at 9th decile (top)","2018","2018",,,"0","Units",,,20.225225225,,
"GBR","United Kingdom","MW","All persons","GWG5","Gender wage gap at median","2018","2018",,,"0","Units",,,16.310424203,,
"BEL","Belgium","MW","All persons","GWG5","Gender wage gap at median","2018","2018",,,"0","Units",,,3.4087569791,,
"HUN","Hungary","MW","All persons","GWG5","Gender wage gap at median","2018","2018",,,"0","Units",,,5.0632142857,,
"NOR","Norway","MW","All persons","GWG5","Gender wage gap at median","2018","2018",,,"0","Units",,,5.1293690422,,
"ITA","Italy","MW","All persons","GWG1","Gender wage gap at 1st decile (bottom)","2018","2018",,,"0","Units",,,3.943314849,,
"OECD","OECD countries","MW","All persons","GWG1","Gender wage gap at 1st decile (bottom)","2018","2018",,,"0","Units",,,9.3087120835139,,
"MEX","Mexico","MW","All persons","GWG9","Gender wage gap at 9th decile (top)","2018","2018",,,"0","Units",,,13.2245748,,
"ESP","Spain","MW","All persons","GWG1","Gender wage gap at 1st decile (bottom)","2018","2018",,,"0","Units",,,11.260504202,,
"SVN","Slovenia","MW","All persons","GWG9","Gender wage gap at 9th decile (top)","2018","2018",,,"0","Units",,,12.733333333,,
"FRA","France","MW","All persons","GWG9","Gender wage gap at 9th decile (top)","2018","2018",,,"0","Units",,,21.236041586,,
"MLT","Malta","MW","All persons","GWG5","Gender wage gap at median","2018","2018",,,"0","Units",,,11.09375,,
"BGR","Bulgaria","MW","All persons","GWG9","Gender wage gap at 9th decile (top)","2018","2018",,,"0","Units",,,22.906793049,,
"HRV","Croatia","MW","All persons","GWG5","Gender wage gap at median","2018","2018",,,"0","Units",,,7.9150579151,,
"FIN","Finland","MW","All persons","GWG9","Gender wage gap at 9th decile (top)","2018","2018",,,"0","Units",,,23.122889724,,
"IRL","Ireland","WOMEN","Women","HPI","High Pay Incidence","2018","2018","IDX","Index","0","Units",,,25.9981342635981,,
"ISL","Iceland","MW","All persons","GWG9","Gender wage gap at 9th decile (top)","2018","2018",,,"0","Units",,,17.608798486,,
"GBR","United Kingdom","MW","All persons","GWG1","Gender wage gap at 1st decile (bottom)","2018","2018",,,"0","Units",,,10.882016037,,
"JPN","Japan","MW","All persons","GWG9","Gender wage gap at 9th decile (top)","2018","2018",,,"0","Units",,,32.701688555,,
"CAN","Canada","MW","All persons","GWG9","Gender wage gap at 9th decile (top)","2018","2018",,,"0","Units",,,14.334341906,,
"MEX","Mexico","MW","All persons","GWG1","Gender wage gap at 1st decile (bottom)","2018","2018",,,"0","Units",,,12.5,,
"COL","Colombia","MW","All persons","GWG1","Gender wage gap at 1st decile (bottom)","2018","2018",,,"0","Units",,,29.166666667,,
"SVK","Slovak Republic","MW","All persons","GWG5","Gender wage gap at median","2018","2018",,,"0","Units",,,15.662080133,,
"IRL","Ireland","MW","All persons","GWG5","Gender wage gap at median","2018","2018",,,"0","Units",,,8.2840236686,,
"LVA","Latvia","MW","All persons","GWG5","Gender wage gap at median","2018","2018",,,"0","Units",,,20.289855072,,
"OECD","OECD countries","MW","All persons","GWG9","Gender wage gap at 9th decile (top)","2018","2018",,,"0","Units",,,17.3971204835387,,
"KOR","Korea","MW","All persons","GWG5","Gender wage gap at median","2018","2018",,,"0","Units",,,34.107310951,,
"SWE","Sweden","MW","All persons","GWG9","Gender wage gap at 9th decile (top)","2018","2018",,,"0","Units",,,15.254237288,,
"TUR","Turkey","MW","All persons","GWG5","Gender wage gap at median","2018","2018",,,"0","Units",,,9.980806142,,
"AUT","Austria","MW","All persons","GWG5","Gender wage gap at median","2018","2018",,,"0","Units",,,14.876690892,,
"CAN","Canada","MW","All persons","GWG1","Gender wage gap at 1st decile (bottom)","2018","2018",,,"0","Units",,,12.068965517,,
"PRT","Portugal","MW","All persons","GWG5","Gender wage gap at median","2018","2018",,,"0","Units",,,11.665004985,,
"NZL","New Zealand","MW","All persons","GWG5","Gender wage gap at median","2018","2018",,,"0","Units",,,7.8696925329,,
"DNK","Denmark","MW","All persons","GWG1","Gender wage gap at 1st decile (bottom)","2018","2018",,,"0","Units",,,8.0269232909,,
"GRC","Greece","MW","All persons","GWG5","Gender wage gap at median","2018","2018",,,"0","Units",,,5.9090909091,,
"ROU","Romania","MW","All persons","GWG9","Gender wage gap at 9th decile (top)","2018","2018",,,"0","Units",,,3.5485747528,,
"USA","United States","MW","All persons","GWG5","Gender wage gap at median","2018","2018",,,"0","Units",,,18.910585817,,
"LVA","Latvia","MW","All persons","GWG9","Gender wage gap at 9th decile (top)","2018","2018",,,"0","Units",,,27.069645204,,
"JPN","Japan","MW","All persons","GWG1","Gender wage gap at 1st decile (bottom)","2018","2018",,,"0","Units",,,17.153478492,,
"NOR","Norway","MW","All persons","GWG1","Gender wage gap at 1st decile (bottom)","2018","2018",,,"0","Units",,,3.7171052632,,
"HUN","Hungary","MW","All persons","GWG9","Gender wage gap at 9th decile (top)","2018","2018",,,"0","Units",,,22.313076923,,
"CRI","Costa Rica","MW","All persons","GWG5","Gender wage gap at median","2018","2018",,,"0","Units",,,4.7252747253,,
"GRC","Greece","MW","All persons","GWG1","Gender wage gap at 1st decile (bottom)","2018","2018",,,"0","Units",,,5.3146853147,,
"CYP","Cyprus","MW","All persons","GWG5","Gender wage gap at median","2018","2018",,,"0","Units",,,15.871047737,,
"IRL","Ireland","MW","All persons","HPI","High Pay Incidence","2018","2018","IDX","Index","0","Units",,,27.9996289584951,,
"NOR","Norway","MW","All persons","GWG9","Gender wage gap at 9th decile (top)","2018","2018",,,"0","Units",,,18.521462639,,
"BEL","Belgium","MW","All persons","GWG9","Gender wage gap at 9th decile (top)","2018","2018",,,"0","Units",,,6.4681001057,,
"SVN","Slovenia","MW","All persons","GWG1","Gender wage gap at 1st decile (bottom)","2018","2018",,,"0","Units",,,4.8997772829,,
"ISR","Israel","MW","All persons","GWG5","Gender wage gap at median","2018","2018",,,"0","Units",,,22.659192432,,
"NLD","Netherlands","MW","All persons","GWG5","Gender wage gap at median","2018","2018",,,"0","Units",,,12.657091562,,
"POL","Poland","MW","All persons","GWG9","Gender wage gap at 9th decile (top)","2018","2018",,,"0","Units",,,23.308585882,,
"CHE","Switzerland","MW","All persons","GWG5","Gender wage gap at median","2018","2018",,,"0","Units",,,15.095647352,,
"LTU","Lithuania","MW","All persons","GWG1","Gender wage gap at 1st decile (bottom)","2018","2018",,,"0","Units",,,6.2630480167,,
"CZE","Czech Republic","MW","All persons","GWG5","Gender wage gap at median","2018","2018",,,"0","Units",,,15.127413864,,
"BEL","Belgium","MW","All persons","GWG1","Gender wage gap at 1st decile (bottom)","2018","2018",,,"0","Units",,,5.5436183928,,
"DNK","Denmark","MW","All persons","GWG5","Gender wage gap at median","2018","2018",,,"0","Units",,,4.8632060095,,
"GBR","United Kingdom","MW","All persons","GWG9","Gender wage gap at 9th decile (top)","2018","2018",,,"0","Units",,,22.481999838,,
"DEU","Germany","MW","All persons","GWG5","Gender wage gap at median","2018","2018",,,"0","Units",,,15.250121418,,
"EST","Estonia","MW","All persons","GWG1","Gender wage gap at 1st decile (bottom)","2018","2018",,,"0","Units",,,3.6842105263,,
"ESP","Spain","MW","All persons","GWG9","Gender wage gap at 9th decile (top)","2018","2018",,,"0","Units",,,9.5238095238,,
"FIN","Finland","MW","All persons","GWG1","Gender wage gap at 1st decile (bottom)","2018","2018",,,"0","Units",,,11.910737299,,
"AUS","Australia","MW","All persons","GWG5","Gender wage gap at median","2018","2018",,,"0","Units",,,16.142557652,,
